id,label,degree,weighted degree,betweenness,modularity class,pagerank,eigencentrality,short label,modularity_class,top labelAddam-Marbrand,Addam Marbrand,2,9,0,6,0.001835878,0.055990484,Addam Marbrand,2,Aegon-I-Targaryen,Aegon I Targaryen,2,9,0,1,0.001983185,0.062355738,Aegon I,3,Aemon-Targaryen-(Maester-Aemon),Aemon Targaryen (Maester Aemon),7,74,186.5833333,3,0.006146463,0.062871578,Aemon,6,AemonAerys-II-Targaryen,Aerys II Targaryen,6,37,8.288293651,5,0.004506793,0.163235722,Aerys II,4,Aggo,Aggo,6,36,1.25,1,0.00465474,0.033550529,Aggo,3,Albett,Albett,3,11,0,3,0.002760098,0.038700509,Albett,6,Alliser-Thorne,Alliser Thorne,10,80,86.48439879,3,0.007408492,0.11198402,Alliser Thorne,6,Alyn,Alyn,5,32,5.41219451,5,0.003627313,0.135506252,Alyn,4,Arthur-Dayne,Arthur Dayne,1,4,0,5,0.001733895,0.005887565,Arthur Dayne,4,Arya-Stark,Arya Stark,27,430,301.0064553,4,0.015630466,0.595180393,Arya,0,AryaArys-Oakheart,Arys Oakheart,1,3,0,5,0.001285829,0.035239278,Arys Oakheart,4,Balon-Greyjoy,Balon Greyjoy,2,7,0,5,0.001895021,0.096750147,Balon Greyjoy,4,Balon-Swann,Balon Swann,2,6,0,4,0.001787348,0.046602143,Balon Swann,0,Barristan-Selmy,Barristan Selmy,14,143,21.26347816,5,0.007864678,0.401235517,Barristan Selmy,4,Barristan SelmyBenjen-Stark,Benjen Stark,14,104,566.6133059,3,0.009955837,0.311353912,Benjen,6,BenjenBeric-Dondarrion,Beric Dondarrion,6,28,185,4,0.004691442,0.170090683,Beric Dondarrion,0,Boros-Blount,Boros Blount,5,26,0,4,0.003236101,0.140740319,Boros Blount,0,Bowen-Marsh,Bowen Marsh,5,28,0,3,0.004081352,0.059608888,Bowen Marsh,6,Bran-Stark,Bran Stark,32,531,960.0319136,0,0.019940544,0.655155569,Bran,1,BranBrandon-Stark,Brandon Stark,6,41,35.79090632,5,0.004485554,0.147843823,Brandon Stark,4,Bronn,Bronn,10,109,70.96333627,6,0.007753349,0.151135375,Bronn,2,BronnBrynden-Tully,Brynden Tully,11,69,65.93546485,6,0.007472467,0.228960996,Brynden Tully,2,Catelyn-Stark,Catelyn Stark,43,520,2604.755647,6,0.03018973,0.72391985,Catelyn,2,CatelynCayn,Cayn,3,16,0.375,5,0.002444978,0.085265186,Cayn,4,Cersei-Lannister,Cersei Lannister,30,424,454.8086339,5,0.017074604,0.715474295,Cersei,4,CerseiChella,Chella,1,5,0,6,0.001412257,0.03908757,Chella,2,Chett,Chett,3,19,0,3,0.002826784,0.04169179,Chett,6,Chiggen,Chiggen,3,16,0,6,0.002723756,0.05379597,Chiggen,2,Clement-Piper,Clement Piper,1,4,0,6,0.001847852,0.001595797,Clement Piper,2,Clydas,Clydas,1,5,0,3,0.001548677,0.004110988,Clydas,6,Cohollo,Cohollo,4,29,0,1,0.00337537,0.024653153,Cohollo,3,Colemon,Colemon,2,7,0,6,0.002093108,0.0429044,Colemon,2,Conn,Conn,3,20,185,6,0.004154434,0.043348572,Conn,2,Coratt,Coratt,1,5,0,6,0.001978404,0.002792338,Coratt,2,Daenerys-Targaryen,Daenerys Targaryen,21,443,1484.278023,1,0.014701538,0.191335499,Daenerys,3,DaenerysDanwell-Frey,Danwell Frey,3,9,368,2,0.004642682,0.008543334,Danwell Frey,5,Dareon,Dareon,1,6,0,3,0.001418799,0.030817255,Dareon,6,Daryn-Hornwood,Daryn Hornwood,2,6,0,5,0.00219372,0.055711557,Daryn Hornwood,4,Desmond,Desmond,2,7,0,5,0.001880047,0.080502177,Desmond,4,Dolf,Dolf,1,7,0,6,0.001860289,0.003540313,Dolf,2,Donal-Noye,Donal Noye,1,7,0,3,0.001418799,0.030817255,Donal Noye,6,Donnel-Waynwood,Donnel Waynwood,1,3,0,6,0.001398902,0.036930857,Donnel Waynwood,2,Doreah,Doreah,6,51,0.2,1,0.004492763,0.037804043,Doreah,3,Drogo,Drogo,19,256,1115.094639,1,0.014577571,0.108817772,Drogo,3,DrogoDywen,Dywen,1,4,0,3,0.001418799,0.030817255,Dywen,6,Eddard-Stark,Eddard Stark,66,1284,4638.534951,5,0.045502132,1,Ned,4,NedEdmure-Tully,Edmure Tully,11,48,337.7871385,6,0.008035505,0.231555119,Edmure Tully,2,Eon-Hunter,Eon Hunter,3,9,0,6,0.002676932,0.059403925,Eon Hunter,2,Eroeh,Eroeh,1,5,0,1,0.001397264,0.011481902,Eroeh,3,Fogo,Fogo,1,4,0,1,0.002025313,0.001273862,Fogo,3,Galbart-Glover,Galbart Glover,6,23,14.97986615,0,0.004204865,0.140538125,Galbart Glover,1,Gared,Gared,3,29,74.46689802,7,0.003704883,0.013615552,Gared,7,Gendry,Gendry,1,3,0,5,0.001388061,0.050873836,Gendry,4,Gerold-Hightower,Gerold Hightower,5,17,369,5,0.005480347,0.106962017,Gerold Hightower,4,Gregor-Clegane,Gregor Clegane,12,74,50.30506215,4,0.007373591,0.336034409,Gregor,0,Grenn,Grenn,7,85,3.483333333,3,0.005373848,0.066624414,Grenn,6,Gunthor-son-of-Gurn,Gunthor son of Gurn,1,7,0,6,0.001412257,0.03908757,Gunthor,2,Haggo,Haggo,6,45,1.166666667,1,0.004762147,0.029480799,Haggo,3,Halder,Halder,8,56,3.616666667,3,0.006206189,0.061883418,Halder,6,Hali,Hali,1,3,0,0,0.001331758,0.032922107,Hali,1,Hallis-Mollen,Hallis Mollen,5,37,0,0,0.003530028,0.139936597,Hallis Mollen,1,Harwin,Harwin,4,18,5.448326831,5,0.003092083,0.089481448,Harwin,4,Harys-Swyft,Harys Swyft,1,3,0,6,0.001315018,0.032263719,Harys Swyft,2,Heward,Heward,2,8,0,5,0.002004913,0.030073352,Heward,4,High-Septon-(fat_one),High Septon (fat_one),2,8,0,4,0.001861394,0.086807102,High Septon,0,Hobb,Hobb,1,5,0,3,0.001418799,0.030817255,Hobb,6,Hodor,Hodor,4,52,0,0,0.00304618,0.089451266,Hodor,1,Hosteen-Frey,Hosteen Frey,2,6,0,2,0.003689412,0.001934801,Hosteen Frey,5,Hoster-Tully,Hoster Tully,5,24,6.726402657,6,0.003687974,0.123274699,Hoster Tully,2,Howland-Reed,Howland Reed,1,3,0,5,0.001388061,0.050873836,Howland Reed,4,Hugh,Hugh,1,3,0,5,0.001333907,0.020557406,Hugh,4,Hullen,Hullen,6,20,7.766286013,0,0.004079692,0.136795422,Hullen,1,Illyrio-Mopatis,Illyrio Mopatis,6,70,20.63372088,1,0.004340302,0.081007406,Illyrio,3,Ilyn-Payne,Ilyn Payne,9,43,5.504869039,4,0.005396849,0.286004546,Ilyn Payne,0,Irri,Irri,8,81,1.65,1,0.00577563,0.045170034,Irri,3,Jacks,Jacks,1,4,0,5,0.001388061,0.050873836,Jacks,4,Jafer-Flowers,Jafer Flowers,1,3,0,3,0.001665882,0.003586668,Jafer Flowers,6,Jaime-Lannister,Jaime Lannister,29,241,550.7243812,6,0.017500556,0.649259237,Jaime,2,JaimeJanos-Slynt,Janos Slynt,7,25,0,5,0.004289597,0.258118191,Janos Slynt,4,Jared-Frey,Jared Frey,2,6,0,2,0.003689412,0.001934801,Jared Frey,5,Jaremy-Rykker,Jaremy Rykker,4,24,185,3,0.004064119,0.058742324,Jaremy Rykker,6,Jeor-Mormont,Jeor Mormont,13,181,487.6864094,3,0.009551831,0.205408778,Jeor,6,JeorJeyne-Poole,Jeyne Poole,6,54,1.051190476,4,0.003840078,0.162276339,Jeyne Poole,0,Jhiqui,Jhiqui,5,60,0,1,0.003878366,0.032432988,Jhiqui,3,Jhogo,Jhogo,6,43,0.75,1,0.004552966,0.035098463,Jhogo,3,Joffrey-Baratheon,Joffrey Baratheon,30,422,326.0235719,4,0.016708993,0.730182831,Joffrey,0,JoffreyJommo,Jommo,2,6,0,1,0.002677586,0.00881031,Jommo,3,Jon-Arryn,Jon Arryn,15,169,215.4933759,5,0.009385519,0.413977397,Jon Arryn,4,Jon ArrynJon-Snow,Jon Snow,37,784,2952.057282,3,0.02684058,0.593371336,Jon,6,JonJon-Umber-(Greatjon),Jon Umber (Greatjon),8,39,57.19409057,0,0.005595913,0.138091438,Greatjon,1,Jonos-Bracken,Jonos Bracken,1,3,0,6,0.001810483,0.003062701,Jonos Bracken,2,Jorah-Mormont,Jorah Mormont,13,154,216.9740913,1,0.008846708,0.106108177,Jorah,3,JorahJory-Cassel,Jory Cassel,21,152,301.5096848,5,0.01259251,0.484190284,Jory,4,Jory CasselJoseth,Joseth,2,7,0,0,0.001875372,0.051140509,Joseth,1,Joss,Joss,1,5,0,5,0.001388061,0.050873836,Joss,4,Jyck,Jyck,2,11,0,6,0.002456212,0.041704404,Jyck,2,Karyl-Vance,Karyl Vance,3,11,185,6,0.003689948,0.018481351,Karyl Vance,2,Kevan-Lannister,Kevan Lannister,3,28,0,6,0.002445996,0.095078054,Kevan Lannister,2,Kurleket,Kurleket,1,5,0,6,0.001412257,0.03908757,Kurleket,2,Lancel-Lannister,Lancel Lannister,1,3,0,5,0.001309099,0.045876311,Lancel Lannister,4,Leo-Lefford,Leo Lefford,1,4,0,6,0.001412257,0.03908757,Leo Lefford,2,Loras-Tyrell,Loras Tyrell,14,78,385.5567751,4,0.008930939,0.354833319,Loras Tyrell,0,Luwin,Luwin,18,210,226.8074972,0,0.011512677,0.35348593,Luwin,1,LuwinLyanna-Stark,Lyanna Stark,4,36,0.571428571,5,0.003015963,0.142451222,Lyanna Stark,4,Lyn-Corbray,Lyn Corbray,1,3,0,6,0.001385963,0.016499526,Lyn Corbray,2,Lysa-Arryn,Lysa Arryn,15,138,313.3586492,6,0.010303535,0.322468964,Lysa Arryn,2,LysaMace-Tyrell,Mace Tyrell,2,6,185,4,0.003171991,0.018318152,Mace Tyrell,0,Maege-Mormont,Maege Mormont,2,8,0,0,0.001969043,0.019271581,Maege Mormont,1,Maegor-I-Targaryen,Maegor I Targaryen,1,4,0,4,0.001287713,0.03792419,Maegor I,0,Mance-Rayder,Mance Rayder,1,3,0,3,0.001406648,0.015973062,Mance Rayder,6,Marillion,Marillion,5,29,0,6,0.003834727,0.113840364,Marillion,2,Marq-Piper,Marq Piper,5,18,107.306616,6,0.004097723,0.105022674,Marq Piper,0,Masha-Heddle,Masha Heddle,1,5,0,6,0.001398902,0.036930857,Masha Heddle,2,Matthar,Matthar,1,3,0,3,0.001418799,0.030817255,Matthar,6,Meryn-Trant,Meryn Trant,9,36,12.01617788,4,0.005443299,0.238302177,Meryn Trant,0,Mirri-Maz-Duur,Mirri Maz Duur,6,63,0.833333333,1,0.004598993,0.034398652,Mirri,3,Mord,Mord,1,20,0,6,0.001412257,0.03908757,Mord,2,Mordane,Mordane,11,141,18.17132841,4,0.006493989,0.342190085,Mordane,0,Septa MordaneMoreo-Tumitis,Moreo Tumitis,1,3,0,6,0.001398902,0.036930857,Moreo Tumitis,2,Morrec,Morrec,2,10,0,6,0.002456212,0.041704404,Morrec,2,Mya-Stone,Mya Stone,1,9,0,6,0.001398902,0.036930857,Mya Stone,2,Mycah,Mycah,5,50,0,4,0.003332972,0.176155893,Mycah,0,Mychel-Redfort,Mychel Redfort,1,3,0,6,0.001398902,0.036930857,Mychel Redfort,2,Myrcella-Baratheon,Myrcella Baratheon,7,54,0.485714286,4,0.00427234,0.214008378,Myrcella,0,Nan,Nan,4,33,0,0,0.00304618,0.089451266,Nan,1,Nestor-Royce,Nestor Royce,2,6,0,6,0.001976324,0.048850923,Nestor Royce,2,Ogo,Ogo,3,18,185,1,0.004313609,0.009367967,Ogo,3,Osha,Osha,3,31,0,0,0.002398918,0.084511247,Osha,1,Oswell-Whent,Oswell Whent,1,3,0,5,0.001733895,0.005887565,Oswell Whent,4,Othor,Othor,1,5,0,3,0.001418799,0.030817255,Othor,6,Paxter-Redwyne,Paxter Redwyne,1,3,0,4,0.002151047,0.001485349,Paxter Redwyne,0,Petyr-Baelish,Petyr Baelish,26,313,162.3591668,5,0.01454746,0.665142446,Petyr,4,LittlefingerPorther,Porther,1,4,0,5,0.001388061,0.050873836,Porther,4,Pycelle,Pycelle,14,150,5.524020278,5,0.007849522,0.399194091,Pycelle,4,PycellePypar,Pypar,7,107,1.283333333,3,0.005424698,0.059456005,Pypar,6,PypQotho,Qotho,7,68,2,1,0.005360897,0.035922656,Qotho,3,Quaro,Quaro,5,21,0.5,1,0.004052657,0.027243811,Quaro,3,Rakharo,Rakharo,5,24,0.583333333,1,0.004072894,0.026845303,Rakharo,3,Randyll-Tarly,Randyll Tarly,1,5,0,3,0.001463586,0.006763546,Randyll Tarly,6,Rast,Rast,6,26,1.333333333,3,0.004810806,0.055110279,Rast,6,Raymun-Darry,Raymun Darry,2,12,0,5,0.001895021,0.096750147,Raymun Darry,4,Renly-Baratheon,Renly Baratheon,18,186,165.7734217,5,0.010403577,0.504628832,Renly,4,RenlyRhaegar-Targaryen,Rhaegar Targaryen,7,53,48.52639611,5,0.004666634,0.182441335,Rhaegar,4,Rhaego,Rhaego,1,5,0,1,0.001454412,0.007536448,Rhaego,3,Rickard-Karstark,Rickard Karstark,10,46,162.9947004,0,0.006734855,0.225894008,Rickard Karstark,1,Rickard-Stark,Rickard Stark,2,7,1.525570263,0,0.001967126,0.040698992,Rickard Stark,1,Rickon-Stark,Rickon Stark,9,98,1.545806055,0,0.00578594,0.309773296,Rickon,1,Robb-Stark,Robb Stark,35,516,1255.689656,0,0.021559187,0.65723863,Robb,1,RobbRobert-Arryn,Robert Arryn,3,20,0,6,0.002592844,0.092517952,Robert Arryn,2,Robert-Baratheon,Robert Baratheon,50,941,3682.391036,5,0.029825275,0.910722595,Robert,4,RobertRodrik-Cassel,Rodrik Cassel,18,124,165.7525243,6,0.010889493,0.461206454,Rodrik,2,Rodrik CasselRoose-Bolton,Roose Bolton,5,19,0.429166667,0,0.003609062,0.083862172,Roose Bolton,1,Samwell-Tarly,Samwell Tarly,12,148,248.6059682,3,0.00933568,0.109936463,Samwell,6,SamwellSandor-Clegane,Sandor Clegane,16,135,107.319058,4,0.009300975,0.442031712,Sandor,0,SandorSansa-Stark,Sansa Stark,35,545,639.0769144,4,0.019998051,0.766844918,Sansa,0,SansaShae,Shae,2,15,0,6,0.002071178,0.047386443,Shae,2,Shagga,Shagga,6,44,371.5,6,0.007457335,0.054392326,Shagga,2,Stannis-Baratheon,Stannis Baratheon,12,105,7.622469081,5,0.006932571,0.359808304,Stannis,4,StannisStevron-Frey,Stevron Frey,2,8,0,6,0.002099156,0.043921642,Stevron Frey,2,Stiv,Stiv,2,7,0,0,0.001855305,0.066292845,Stiv,1,Syrio-Forel,Syrio Forel,3,31,2.116311098,4,0.002394023,0.092444247,Syrio Forel,0,Theon-Greyjoy,Theon Greyjoy,15,133,168.7523402,0,0.009429821,0.363024802,Theon,1,TheonThoros-of-Myr,Thoros of Myr,1,5,0,4,0.001466678,0.008791793,Thoros of Myr,0,Timett,Timett,2,7,0,6,0.002470407,0.042627882,Timett,2,Tobho-Mott,Tobho Mott,1,7,0,5,0.001388061,0.050873836,Tobho Mott,4,Todder,Todder,4,31,0,3,0.003390004,0.043331042,Todder,6,Tomard,Tomard,7,42,5.104686,5,0.004659886,0.187138208,Tomard,4,Tommen-Baratheon,Tommen Baratheon,8,37,9.541001519,4,0.004960147,0.247617607,Tommen,0,Torrhen-Karstark,Torrhen Karstark,3,11,4.684920635,5,0.002843829,0.087527495,Torrhen Karstark,4,Tregar,Tregar,1,4,0,5,0.001388061,0.050873836,Tregar,4,Tyrion-Lannister,Tyrion Lannister,46,650,3272.606016,6,0.033014499,0.76674623,Tyrion,2,TyrionTytos-Blackwood,Tytos Blackwood,3,10,185,6,0.003558643,0.049709485,Tytos Blackwood,2,Tywin-Lannister,Tywin Lannister,22,181,450.6071384,6,0.013481468,0.469962802,Tywin,2,TywinUlf-son-of-Umar,Ulf son of Umar,1,4,0,6,0.001860289,0.003540313,Ulf,2,Vardis-Egen,Vardis Egen,6,37,20.43449504,6,0.004899743,0.106999133,Vardis Egen,2,Varly,Varly,1,4,0,5,0.001388061,0.050873836,Varly,4,Varys,Varys,17,231,185.7202718,5,0.009626264,0.498642946,Varys,4,VarysVayon-Poole,Vayon Poole,5,28,0,5,0.003380303,0.18582558,Vayon Poole,4,Viserys-Targaryen,Viserys Targaryen,8,105,49.16335101,1,0.005566906,0.09293888,Viserys,3,ViserysWalder-Frey,Walder Frey,7,41,556.3859307,6,0.005764495,0.128321224,Walder Frey,2,Waymar-Royce,Waymar Royce,3,34,115.4173119,7,0.003689186,0.018208572,Waymar Royce,7,Wendel-Manderly,Wendel Manderly,2,6,0,6,0.001922448,0.070301595,Wendel Manderly,2,Will-(prologue),Will-(prologue),2,30,0,7,0.00289812,0.003006326,Will,7,Willis-Wode,Willis Wode,6,28,6.669261294,6,0.004606018,0.1168915,Willis Wode,2,Wyl-(guard),Wyl (guard),4,15,28.04742186,5,0.003262518,0.109365751,Wyl,4,Wylla,Wylla,1,3,0,5,0.001388061,0.050873836,Wylla,4,Yoren,Yoren,7,33,3.636859573,3,0.004803258,0.192992739,Yoren,6,