id,label,top label,degree,weighted degree,modularity class,eigencentrality,pagerank,betweennessTyrion-Lannister,Tyrion Lannister,Tyrion,60,785,0,1,0.023825376,7003.588496Jon-Snow,Jon Snow,Jon,52,756,2,0.493522081,0.023599038,10173.23396Robb-Stark,Robb Stark,Robb,49,486,1,0.669977716,0.023133562,7377.645034Sansa-Stark,Sansa Stark,Sansa,49,538,0,0.830404442,0.020109584,4072.557187Joffrey-Baratheon,Joffrey Baratheon,Joffrey,51,602,0,0.980876192,0.018796175,6449.081988Jaime-Lannister,Jaime Lannister,Jaime,45,563,7,0.799038192,0.018873614,5658.236197Catelyn-Stark,Catelyn Stark,Catelyn,38,325,1,0.603239348,0.01722407,3406.028952Daenerys-Targaryen,Daenerys Targaryen,Daenerys,24,308,6,0.085934531,0.015263306,6203.646484Arya-Stark,Arya Stark,Arya,37,442,5,0.694524713,0.014901255,4308.172296Cersei-Lannister,Cersei Lannister,Cersei,38,363,0,0.776576805,0.014013484,1117.166334Stannis-Baratheon,Stannis Baratheon,Stannis,31,299,3,0.497460226,0.013310783,4954.941125Samwell-Tarly,Samwell Tarly,Samwell,30,413,2,0.248435935,0.012706614,2103.959619Tywin-Lannister,Tywin Lannister,Tywin,29,258,0,0.614315403,0.011735983,1486.51494Robert-Baratheon,Robert Baratheon,Robert,26,167,6,0.559077232,0.010489571,7564.655412Mance-Rayder,Mance Rayder,Mance Rayder,22,252,2,0.215154483,0.009997429,1431.07779Davos-Seaworth,Davos Seaworth,Davos,17,239,3,0.137292625,0.008777235,1289.261331Gregor-Clegane,Gregor Clegane,Gregor,22,195,0,0.516886753,0.008522792,1497.954912Jeor-Mormont,Jeor Mormont,Jeor,18,120,2,0.185920254,0.008253957,2166.573361Bran-Stark,Bran Stark,Bran,18,314,8,0.331430064,0.007590989,1823.42802Sandor-Clegane,Sandor Clegane,Sandor,21,207,5,0.467909077,0.007635012,448.6999392Aemon-Targaryen-(Maester-Aemon),Maester Aemon,Maester Aemon,18,154,2,0.211568098,0.007513934,919.1316812Petyr-Baelish,Petyr Baelish,Littlefinger,15,128,0,0.316812962,0.007393265,1055.799333Jorah-Mormont,Jorah Mormont,Jorah,12,136,6,0.036862187,0.007198231,216.6459599Oberyn-Martell,Oberyn Martell,Oberyn,16,167,0,0.376348903,0.006804738,502.9578639Roose-Bolton,Roose Bolton,Roose Bolton,15,98,7,0.31927796,0.006616895,399.7998295Varys,Varys,Varys,16,99,0,0.395118078,0.00656734,438.368454Lem,Lem,Lem,15,155,5,0.173526894,0.006519823,759.7263277Eddard-Stark,Eddard Stark,Ned,16,94,1,0.48982797,0.006510346,889.9632913Craster,Craster,Craster,13,100,2,0.111735927,0.006272593,524.6443102Lysa-Arryn,Lysa Arryn,Lysa,14,132,0,0.324270656,0.006062826,568.360207Brienne-of-Tarth,Brienne of Tarth,Brienne,14,161,7,0.333587982,0.005978138,284.5119525Eddison-Tollett,Eddison Tollett,,13,68,2,0.09921049,0.005714211,332.5173961Edmure-Tully,Edmure Tully,,13,119,1,0.219452136,0.005632,94.59119367Walder-Frey,Walder Frey,,12,106,1,0.172990476,0.005519083,225.6002543Meryn-Trant,Meryn Trant,,15,95,0,0.424237866,0.005396658,53.7901397Lothar-Frey,Lothar Frey,,11,50,1,0.142307758,0.005249195,79.36974488Tommen-Baratheon,Tommen Baratheon,,13,82,0,0.36837085,0.005159037,137.7956372Arstan,Arstan,,8,90,6,0.024898171,0.005120512,222.5934915Grenn,Grenn,,12,149,2,0.118390119,0.005115363,128.6356657Loras-Tyrell,Loras Tyrell,,13,113,0,0.312428221,0.005093278,45.50380187Pypar,Pypar,,12,105,2,0.123860607,0.004942858,73.9963167Ygritte,Ygritte,,10,124,2,0.082516358,0.004897829,19.05793651Daario-Naharis,Daario Naharis,,7,41,6,0.018804956,0.00488415,601.3333333Mace-Tyrell,Mace Tyrell,,12,89,0,0.32019824,0.004892554,239.9470345Qhorin-Halfhand,Qhorin Halfhand,,10,66,2,0.103713287,0.004814793,347.3039236Gendry,Gendry,,11,129,5,0.146627181,0.004799066,402.0143167Rattleshirt,Rattleshirt,,10,86,2,0.083497439,0.004789541,160.9720828Bronn,Bronn,,12,88,0,0.295050151,0.004796509,52.50134694Kevan-Lannister,Kevan Lannister,,11,71,0,0.294126568,0.004727699,193.6147501Jon-Umber-(Greatjon),Jon Umber (Greatjon),,9,52,1,0.120046176,0.004712999,259.5277167Belwas,Belwas,,7,94,6,0.020304358,0.00459907,102.0244572Tormund,Tormund,,9,81,2,0.078924319,0.004576507,312.4325044Shireen-Baratheon,Shireen Baratheon,,8,31,3,0.119363829,0.004549344,624.3025029Rhaegar-Targaryen,Rhaegar Targaryen,,8,53,6,0.065635367,0.00453103,682.2927071Janos-Slynt,Janos Slynt,,11,76,2,0.1848983,0.004511083,492.3895505Beric-Dondarrion,Beric Dondarrion,,11,107,5,0.191210532,0.004501386,232.7248677Aerys-II-Targaryen,Aerys II Targaryen,,9,68,7,0.240618557,0.004416917,1065.006236Margaery-Tyrell,Margaery Tyrell,,11,132,0,0.286497414,0.004401794,120.1278645Owen,Owen,,10,47,2,0.112369591,0.004280999,216.8585376Melisandre,Melisandre,,9,121,3,0.15234782,0.00421253,409.6662331Bowen-Marsh,Bowen Marsh,,10,57,2,0.10686884,0.004186959,50.39653117Axell-Florent,Axell Florent,,8,66,3,0.06344917,0.004022054,125.9020551Polliver,Polliver,,11,101,0,0.307936054,0.004010099,11.72643453Ilyn-Payne,Ilyn Payne,,11,67,0,0.316533723,0.003998168,7.523081939Harma,Harma,,8,39,2,0.071329989,0.00397345,147.7525204Shae,Shae,,9,64,0,0.232699844,0.003959912,74.41312738Addam-Marbrand,Addam Marbrand,,8,29,0,0.207779992,0.003939835,603.2657901Anguy,Anguy,,9,81,5,0.105137394,0.003907168,146.0199907Jarl,Jarl,,8,68,2,0.073307317,0.003897146,6.666666667Tom-of-Sevenstreams,Tom of Sevenstreams,,9,85,5,0.091419961,0.003878623,62.11587466Styr,Styr,,8,99,2,0.075093779,0.003870273,5.833333333Gilly,Gilly,,8,77,2,0.081533312,0.003858739,98.82070449Elmar-Frey,Elmar Frey,,9,45,1,0.242065842,0.003821347,22.22971167Thoros-of-Myr,Thoros of Myr,,9,98,5,0.172696224,0.003812325,221.9028315Irri,Irri,,6,45,6,0.019713914,0.003795474,2.666666667Satin,Satin,,8,63,2,0.064896519,0.003781879,6.297691198Arthur-Dayne,Arthur Dayne,,5,20,7,0.023279608,0.003778397,800.0368775Cotter-Pyke,Cotter Pyke,,9,50,2,0.120888732,0.003757222,119.7201393Jhiqui,Jhiqui,,6,48,6,0.020612746,0.003743298,2Hoster-Tully,Hoster Tully,,8,55,1,0.16057739,0.003710766,68.24039956Donal-Noye,Donal Noye,,8,68,2,0.114607574,0.003682334,59.39981541Tickler,Tickler,,10,90,0,0.265639902,0.003653413,0Dunsen,Dunsen,,10,73,0,0.265639902,0.003653413,0Rafford,Rafford,,10,78,0,0.265639902,0.003653413,0Renly-Baratheon,Renly Baratheon,,9,62,0,0.304229003,0.003599811,34.81359551Lewyn-Martell,Lewyn Martell,,4,12,7,0.007281025,0.003581906,600Viserys-Targaryen,Viserys Targaryen,,7,35,6,0.130100928,0.003582627,739.4268246Dontos-Hollard,Dontos Hollard,,7,43,0,0.184043282,0.003562424,329.8987632Robett-Glover,Robett Glover,,3,10,9,0.003761102,0.003548024,301Rorge,Rorge,,5,24,7,0.053318262,0.003516168,415.1164786Elia-Martell,Elia Martell,,7,40,0,0.190188898,0.00345813,412.1184677Othell-Yarwyck,Othell Yarwyck,,8,40,2,0.063663868,0.003395175,6.338684479Willas-Tyrell,Willas Tyrell,,8,34,0,0.207384935,0.003382422,6.259462759Olenna-Redwyne,Olenna Redwyne,,8,39,0,0.243293762,0.003359746,38.60586731Denys-Mallister,Denys Mallister,,8,51,2,0.076041549,0.00335359,4.594363794Ryman-Frey,Ryman Frey,,6,29,1,0.095964138,0.003335788,119.8839633Thoren-Smallwood,Thoren Smallwood,,4,22,2,0.027291629,0.003307264,601.5714286Edric-Storm,Edric Storm,,6,44,3,0.079647321,0.003270974,324.0459871Vargo-Hoat,Vargo Hoat,,6,35,7,0.090301362,0.003245938,192.2728432Rickon-Stark,Rickon Stark,,7,78,8,0.174435704,0.003218721,29.63913777Kegs,Kegs,,7,29,2,0.066611851,0.003191861,4.736652237Osmund-Kettleblack,Osmund Kettleblack,,8,42,0,0.282925389,0.003180483,2.928907204Brynden-Tully,Brynden Tully,,7,39,1,0.171664132,0.00314613,17.8016441Alliser-Thorne,Alliser Thorne,,7,55,2,0.120214876,0.003104712,19.40337226Mero,Mero,,4,24,6,0.014642439,0.003065675,301Hobb,Hobb,,7,25,2,0.064504523,0.003056851,10.10711208Greenbeard,Greenbeard,,7,44,5,0.085160747,0.003032774,1.019047619Garlan-Tyrell,Garlan Tyrell,,6,34,0,0.179065109,0.002986042,304.0537445Jojen-Reed,Jojen Reed,,6,122,8,0.054165991,0.002980016,26.32827127Harwin,Harwin,,7,53,5,0.104281343,0.002970816,0.595238095Small-Paul,Small Paul,,6,44,2,0.048464489,0.002955782,6.441872299Pycelle,Pycelle,,7,41,0,0.222178257,0.002958686,3.845970696Lark,Lark,,5,26,2,0.036195571,0.002947781,301Dywen,Dywen,,6,27,2,0.048797913,0.002931286,18.94817911Selyse-Florent,Selyse Florent,,6,42,3,0.106499824,0.00289127,24.33078641Spare-Boot,Spare Boot,,6,23,2,0.054602024,0.002880437,0.5Walton,Walton,,5,34,7,0.084221746,0.002865417,301Boros-Blount,Boros Blount,,7,37,0,0.205687859,0.002842251,1.46978022Rickard-Karstark,Rickard Karstark,,6,42,1,0.140753932,0.002465285,19.93793886Barristan-Selmy,Barristan Selmy,,5,27,6,0.087797831,0.002827709,643.3453432Helman-Tallhart,Helman Tallhart,,3,10,9,0.029114349,0.002809735,897Willem-Lannister,Willem Lannister,,4,15,1,0.056445908,0.002796511,329.3906199Jeyne-Westerling,Jeyne Westerling,,5,46,1,0.090613254,0.002777766,195.7257449Lollys-Stokeworth,Lollys Stokeworth,,6,31,0,0.113489589,0.002771593,2.776923077Pylos,Pylos,,5,35,3,0.052086521,0.002746152,1.333333333Tansy,Tansy,,6,25,1,0.088748382,0.00274634,52.3699631Gerold-Hightower,Gerold Hightower,,4,17,7,0.051791955,0.002737079,775.0062488Drogo,Drogo,,4,21,6,0.015802232,0.002677598,0Alester-Florent,Alester Florent,,5,26,3,0.049817081,0.00263236,44.51373357Jhogo,Jhogo,,3,12,6,0.009589074,0.002622132,150Rakharo,Rakharo,,3,14,6,0.009589074,0.002622132,150Salladhor-Saan,Salladhor Saan,,5,41,3,0.053606845,0.002618474,0.666666667Missandei,Missandei,,4,38,6,0.015856467,0.002614796,0Chett,Chett,,5,30,2,0.042151848,0.002573919,3.177777778Robert-Arryn,Robert Arryn,,5,26,0,0.086696345,0.002572778,12.92329963Meera-Reed,Meera Reed,,5,124,8,0.046844304,0.002557294,13.59799493Balon-Swann,Balon Swann,,6,26,0,0.19114289,0.002529946,3.143111114Hareth-(Moles-Town),Hareth (Moles Town),,5,22,2,0.047702527,0.002499689,0.2Mully,Mully,,5,17,2,0.050140162,0.002479435,0.3Smiling-Knight,Smiling Knight,,2,7,7,0.00281738,0.002441787,301Roslin-Frey,Roslin Frey,,5,36,1,0.101971936,0.002446513,0Bedwyck,Bedwyck,,5,18,2,0.043178806,0.002416398,0.622222222Andrew-Estermont,Andrew Estermont,,3,11,3,0.014690626,0.002395251,301Hot-Pie,Hot Pie,,5,69,5,0.064853939,0.002368639,41.17732914Amory-Lorch,Amory Lorch,,5,19,0,0.128286351,0.002345995,11.61285216Lamprey,Lamprey,,4,19,3,0.018628184,0.002335405,0.333333333Randyll-Tarly,Randyll Tarly,,2,6,9,0.003189193,0.002299225,0Podrick-Payne,Podrick Payne,,5,58,0,0.156373462,0.001877825,1.295621046Desmond-Grell,Desmond Grell,,4,20,1,0.0861481,0.002232503,4.747707337Maege-Mormont,Maege Mormont,,4,15,1,0.082733601,0.002223857,0.583333333Jonothor-Darry,Jonothor Darry,,2,6,7,0.002120414,0.002188319,0Oswell-Whent,Oswell Whent,,2,6,7,0.002120414,0.002188319,0Ben-Plumm,Ben Plumm,,3,18,6,0.01209393,0.002188165,1.6Aegon-Frey-(son-of-Stevron),Aegon Frey (son of Stevron),,4,18,1,0.084181262,0.002192532,3.460843731Val,Val,,4,31,2,0.052890249,0.002170916,0.333333333Nan,Nan,,3,26,8,0.057000902,0.002156908,301Ryk,Ryk,,4,29,2,0.047973674,0.002136587,0Qyburn,Qyburn,,4,31,7,0.083473218,0.002076486,0Paxter-Redwyne,Paxter Redwyne,,4,21,0,0.124611376,0.002056556,87.04520924Marq-Piper,Marq Piper,,4,14,1,0.091841867,0.002055547,0Theon-Greyjoy,Theon Greyjoy,,4,36,8,0.096315851,0.002052443,9.154004329Halder,Halder,,2,6,2,0.031149248,0.002038328,301Jason-Mallister,Jason Mallister,,2,8,1,0.033979892,0.002037657,301Sharna,Sharna,,4,15,5,0.027064054,0.002001856,0.25Aegon-I-Targaryen,Aegon I Targaryen,,3,11,3,0.037455887,0.001999123,341.2840841Benjen-Stark,Benjen Stark,,4,12,8,0.091327826,0.001992929,66.60047993Aggo,Aggo,,2,7,6,0.002824661,0.001981813,0Robin-Flint,Robin Flint,,3,9,1,0.046120727,0.001979573,77.90927436Ballabar,Ballabar,,2,8,0,0.05426132,0.00197114,301Clydas,Clydas,,4,38,2,0.064685837,0.001966802,7.756535846Alla-Tyrell,Alla Tyrell,,3,15,4,0.051036457,0.001963564,0Elinor-Tyrell,Elinor Tyrell,,3,18,4,0.051036457,0.001963564,0Megga-Tyrell,Megga Tyrell,,3,20,4,0.051036457,0.001963564,0Tanda-Stokeworth,Tanda Stokeworth,,4,18,0,0.116978796,0.001960636,3.010912698Prendahl-na-Ghezn,Prendahl na Ghezn,,2,9,6,0.003266046,0.001893653,0Sallor,Sallor,,2,9,6,0.003266046,0.001893653,0Raynald-Westerling,Raynald Westerling,,3,16,1,0.073638772,0.00189025,4.097707337Porridge,Porridge,,3,14,3,0.015330382,0.001857745,0Myrcella-Baratheon,Myrcella Baratheon,,4,21,0,0.169638164,0.001850941,0Mandon-Moore,Mandon Moore,,4,13,0,0.130815704,0.001840036,0Stevron-Frey,Stevron Frey,,3,11,1,0.048535345,0.001834907,0.333333333Grigg,Grigg,,3,15,2,0.038564306,0.001806037,0.333333333Errok,Errok,,3,14,2,0.038672159,0.001803816,0.333333333Cleon,Cleon,,2,9,6,0.008559018,0.001802204,0Ghael,Ghael,,2,8,6,0.008559018,0.001802204,0Devan-Seaworth,Devan Seaworth,,3,12,3,0.040638842,0.001765846,0Dacey-Mormont,Dacey Mormont,,3,11,1,0.075848744,0.001754242,0Khorane-Sathmantes,Khorane Sathmantes,,3,11,3,0.040738731,0.001744148,0Dalla,Dalla,,3,23,2,0.047993796,0.001728401,0Hodor,Hodor,,3,123,8,0.026069822,0.001731446,0Lothor-Brune,Lothor Brune,,3,14,0,0.071841966,0.001702446,0Varamyr,Varamyr,,3,16,2,0.049366437,0.001689265,0Marillion,Marillion,,3,25,0,0.067150095,0.001656399,0Gawen-Westerling,Gawen Westerling,,2,6,1,0.008234068,0.001645492,0.5Jon-Arryn,Jon Arryn,,3,11,0,0.05299292,0.001643286,17.71917698Brandon-Stark,Brandon Stark,,3,14,1,0.073237227,0.001632978,0Balon-Greyjoy,Balon Greyjoy,,3,14,1,0.098330884,0.001605276,0Symon-Silver-Tongue,Symon Silver Tongue,,3,13,0,0.072521051,0.001604618,0Illyrio-Mopatis,Illyrio Mopatis,,2,11,6,0.005237363,0.001598209,0Cleos-Frey,Cleos Frey,,3,41,7,0.094182053,0.001599719,0Oznak-zo-Pahl,Oznak zo Pahl,,2,12,6,0.009745506,0.00159474,0Sybell-Spicer,Sybell Spicer,,2,6,1,0.038673196,0.001595867,104.2742551Gyles-Rosby,Gyles Rosby,,2,7,0,0.012572774,0.00158869,0Jalabhar-Xho,Jalabhar Xho,,2,7,0,0.012572774,0.00158869,0Kraznys-mo-Nakloz,Kraznys mo Nakloz,,2,19,6,0.010088174,0.001580316,0Zollo,Zollo,,2,8,7,0.009015157,0.001552766,0Grey-Worm,Grey Worm,,2,18,6,0.011117604,0.001546145,0Simon-Toyne,Simon Toyne,,1,3,7,8.68E-04,0.001535024,0Gendel,Gendel,,2,6,2,0.03290566,0.001531869,0Gorne,Gorne,,2,6,2,0.03290566,0.001531869,0Doran-Martell,Doran Martell,,3,17,0,0.100726016,0.001528911,0High-Septon-(Tyrions),High Septon (Tyrions),,3,12,0,0.117529085,0.001516854,0Ellaria-Sand,Ellaria Sand,,3,15,0,0.114255094,0.001513018,0Baelor-I-Targaryen,Baelor I Targaryen,,3,9,0,0.138706937,0.001507599,0Galbart-Glover,Galbart Glover,,1,3,9,9.94E-04,0.001502252,0Wendel-Manderly,Wendel Manderly,,2,6,1,0.010470724,0.001501135,0Alayaya,Alayaya,,3,10,0,0.109917875,0.001491238,0Mycah,Mycah,,3,15,5,0.114646759,0.00146565,0Shagwell,Shagwell,,2,8,7,0.046502592,0.001449387,0Martyn-Lannister,Martyn Lannister,,2,6,1,0.036366017,0.001433239,6.80357517Rollam-Westerling,Rollam Westerling,,2,7,1,0.042062064,0.001431955,0Rhaella-Targaryen,Rhaella Targaryen,,2,6,6,0.012262283,0.001411853,0Torrhen-Stark,Torrhen Stark,,2,6,3,0.02877154,0.00140738,5.635185267Utherydes-Wayn,Utherydes Wayn,,2,9,1,0.042768593,0.001370789,0Olyvar-Frey,Olyvar Frey,,2,12,1,0.043409468,0.001368967,0Todder,Todder,,1,3,2,0.002412362,0.001361534,0Tytos-Blackwood,Tytos Blackwood,,1,3,1,0.002403183,0.001361279,0Petyr-Frey,Petyr Frey,,2,8,1,0.015980196,0.00135862,0.333333333Jon-Umber-(Smalljon),Jon Umber (Smalljon),,2,9,1,0.044880217,0.001341517,0Frenken,Frenken,,1,4,0,0.003367498,0.001332893,0Guncer-Sunglass,Guncer Sunglass,,2,7,3,0.018105496,0.001331848,0Weeper,Weeper,,2,8,2,0.011134976,0.00132443,0Merrett-Frey,Merrett Frey,,2,6,0,0.02587579,0.001319599,1.390151515Walder-Rivers,Walder Rivers,,2,7,1,0.046127657,0.001302015,0Mathis-Rowan,Mathis Rowan,,2,11,0,0.024444472,0.001300013,1.467857143Big-Boil,Big Boil,,2,6,2,0.036317024,0.001297165,0Orell,Orell,,2,9,2,0.036317024,0.001297165,0Dick-Follard,Dick Follard,,2,8,2,0.035164698,0.001282609,0Coldhands,Coldhands,,2,7,8,0.024381612,0.001284562,2.742164646Vyman,Vyman,,2,13,1,0.042441074,0.001274588,0Mag-Mar-Tun-Doh-Weg,Mag Mar Tun Doh Weg,,2,9,2,0.037750529,0.001272078,0Bannen,Bannen,,2,16,2,0.020156768,0.001270329,0Ramsay-Snow,Ramsay Snow,,2,8,7,0.055045871,0.001271299,0Oswell-Kettleblack,Oswell Kettleblack,,2,9,0,0.061765219,0.001269964,0Clubfoot-Karl,Clubfoot Karl,,2,9,2,0.024205232,0.001265211,0Dirk,Dirk,,2,10,2,0.024205232,0.001265211,0Robin-Ryger,Robin Ryger,,2,12,7,0.076164952,0.001236798,0Husband,Husband,,2,7,5,0.01693103,0.001233196,0Brella,Brella,,2,8,0,0.057005367,0.001224945,0Butterbumps,Butterbumps,,2,10,0,0.057404106,0.001207935,0Jack-Bulwer,Jack Bulwer,,2,9,5,0.020615446,0.001202665,0Mallador-Locke,Mallador Locke,,1,4,2,0.002370441,0.001198621,0Ottyn-Wythers,Ottyn Wythers,,1,6,2,0.002370441,0.001198621,0Tysha,Tysha,,2,6,0,0.097940109,0.001194234,0Alerie-Hightower,Alerie Hightower,,2,6,0,0.032237437,0.001181546,0Gerald-Gower,Gerald Gower,,1,3,3,0.001585686,0.001173875,0Lancel-Lannister,Lancel Lannister,,2,10,0,0.056389061,0.001173645,0Grazdan-mo-Eraz,Grazdan mo Eraz,,1,3,6,0.001839587,0.001146791,0Luwin,Luwin,,1,5,8,0.003593282,0.001106127,0Biter,Biter,,1,3,7,0.003579312,0.001092919,0Tion-Frey,Tion Frey,,1,6,1,0.003682442,0.001089305,0Groleo,Groleo,,1,6,6,0.007298159,0.001035948,0Rhaegel-Targaryen,Rhaegel Targaryen,,1,5,6,0.007298159,0.001035948,0Softfoot,Softfoot,,1,3,2,0.002979244,9.96E-04,0Nage,Nage,,1,3,7,0.005046308,9.82E-04,0Daeron-I-Targaryen,Daeron I Targaryen,,1,3,3,0.007122223,9.78E-04,0Patchface,Patchface,,1,3,3,0.007122223,9.78E-04,0Cressen,Cressen,,1,4,3,0.008909756,9.34E-04,0Munda,Munda,,1,4,2,0.00566501,9.27E-04,0Moon-Boy,Moon Boy,,1,3,0,0.010076747,9.28E-04,0Leonette-Fossoway,Leonette Fossoway,,1,3,0,0.009734808,9.18E-04,0Aegon-Targaryen-(son-of-Rhaegar),Aegon Targaryen (son of Rhaegar),,1,3,0,0.010346968,9.15E-04,0Grisel,Grisel,,1,3,0,0.017307474,9.14E-04,0Yohn-Royce,Yohn Royce,,1,3,0,0.017307474,9.14E-04,0Rossart,Rossart,,1,4,7,0.013007191,9.12E-04,0Byam-Flint,Byam Flint,,1,3,2,0.007819518,9.05E-04,0Ragwyle,Ragwyle,,1,3,2,0.007075509,9.04E-04,0Perwyn-Frey,Perwyn Frey,,1,3,1,0.037559341,8.96E-04,0Rolph-Spicer,Rolph Spicer,,1,5,1,0.037559341,8.96E-04,0Tristifer-IV-Mudd,Tristifer IV Mudd,,1,3,1,0.037559341,8.96E-04,0Blane,Blane,,1,3,2,0.011966958,8.85E-04,0Joramun,Joramun,,1,3,2,0.013817782,8.81E-04,0Arson,Arson,,1,3,2,0.030405319,8.81E-04,0Zei,Zei,,1,3,2,0.030405319,8.81E-04,0Brenett,Brenett,,1,3,1,0.033241673,8.80E-04,0Rodrik-Cassel,Rodrik Cassel,,1,3,1,0.033241673,8.80E-04,0Watt,Watt,,1,3,2,0.007106195,8.69E-04,0Merrit,Merrit,,1,3,5,0.008700162,8.66E-04,0Jack-Be-Lucky,Jack Be Lucky,,1,5,5,0.010405049,8.64E-04,0Azor-Ahai,Azor Ahai,,1,3,3,0.028087969,8.60E-04,0Anders-Yronwood,Anders Yronwood,,1,3,0,0.020005902,8.56E-04,0Aemon-Targaryen-(Dragonknight),Aemon Targaryen (Dragonknight),,1,3,7,0.04292328,8.52E-04,0Urswyck,Urswyck,,1,11,7,0.04292328,8.52E-04,0Wynton-Stout,Wynton Stout,,1,3,2,0.013275177,8.50E-04,0Kella,Kella,,1,3,0,0.044457745,8.51E-04,0Mordane,Mordane,,1,4,0,0.044457745,8.51E-04,0Maegor-I-Targaryen,Maegor I Targaryen,,1,3,0,0.020897829,8.44E-04,0Joanna-Lannister,Joanna Lannister,,1,4,0,0.032683575,8.39E-04,0Chataya,Chataya,,1,4,0,0.053482364,8.38E-04,0Galyeon-of-Cuy,Galyeon of Cuy,,1,3,0,0.053482364,8.38E-04,0Mad-Huntsman,Mad Huntsman,,1,4,5,0.037551736,8.37E-04,0Pate-(Old),Pate (Old),,1,4,5,0.037551736,8.37E-04,0Ravella-Swann,Ravella Swann,,1,7,5,0.037551736,8.37E-04,0