Source,Target,Type,weight,bookAddam-Marbrand,Brynden-Tully,Undirected,3,4Addam-Marbrand,Cersei-Lannister,Undirected,3,4Addam-Marbrand,Jaime-Lannister,Undirected,8,4Addam-Marbrand,Lyle-Crakehall,Undirected,4,4Brynden-Tully,Jaime-Lannister,Undirected,22,4Brynden-Tully,Lyle-Crakehall,Undirected,4,4Brynden-Tully,Catelyn-Stark,Undirected,3,4Brynden-Tully,Daven-Lannister,Undirected,3,4Brynden-Tully,Edmure-Tully,Undirected,15,4Brynden-Tully,Edwyn-Frey,Undirected,3,4Brynden-Tully,Emmon-Frey,Undirected,7,4Brynden-Tully,Ryman-Frey,Undirected,3,4Cersei-Lannister,Jaime-Lannister,Undirected,62,4Cersei-Lannister,Rhaegar-Targaryen,Undirected,8,4Cersei-Lannister,Jon-Snow,Undirected,3,4Cersei-Lannister,Robert-Baratheon,Undirected,36,4Cersei-Lannister,Tywin-Lannister,Undirected,17,4Cersei-Lannister,Margaery-Tyrell,Undirected,73,4Cersei-Lannister,Osney-Kettleblack,Undirected,27,4Cersei-Lannister,Lancel-Lannister,Undirected,15,4Cersei-Lannister,Myrcella-Baratheon,Undirected,8,4Cersei-Lannister,Petyr-Baelish,Undirected,7,4Cersei-Lannister,Doran-Martell,Undirected,3,4Cersei-Lannister,Sansa-Stark,Undirected,6,4Cersei-Lannister,Gyles-Rosby,Undirected,18,4Cersei-Lannister,Harys-Swyft,Undirected,4,4Cersei-Lannister,Loras-Tyrell,Undirected,24,4Cersei-Lannister,Orton-Merryweather,Undirected,9,4Cersei-Lannister,Stannis-Baratheon,Undirected,14,4Cersei-Lannister,Tommen-Baratheon,Undirected,93,4Cersei-Lannister,Falyse-Stokeworth,Undirected,14,4Cersei-Lannister,Gregor-Clegane,Undirected,10,4Cersei-Lannister,Qyburn,Undirected,30,4Cersei-Lannister,Tallad,Undirected,4,4Cersei-Lannister,Meryn-Trant,Undirected,18,4Cersei-Lannister,Osmund-Kettleblack,Undirected,25,4Cersei-Lannister,Joffrey-Baratheon,Undirected,24,4Cersei-Lannister,Tyrion-Lannister,Undirected,41,4Cersei-Lannister,Dorcas,Undirected,18,4Cersei-Lannister,Dunsen,Undirected,7,4Cersei-Lannister,Eddard-Stark,Undirected,3,4Cersei-Lannister,Garlan-Tyrell,Undirected,3,4Cersei-Lannister,Garth-Tyrell,Undirected,3,4Cersei-Lannister,High-Septon-(Tyrions),Undirected,3,4Cersei-Lannister,High-Sparrow,Undirected,35,4Cersei-Lannister,Ilyn-Payne,Undirected,10,4Cersei-Lannister,Jalabhar-Xho,Undirected,3,4Cersei-Lannister,Jocelyn-Swyft,Undirected,13,4Cersei-Lannister,Kevan-Lannister,Undirected,19,4Cersei-Lannister,Mace-Tyrell,Undirected,20,4Cersei-Lannister,Maegor-I-Targaryen,Undirected,3,4Cersei-Lannister,Maggy,Undirected,5,4Cersei-Lannister,Mark-Mullendore,Undirected,3,4Cersei-Lannister,Melara-Hetherspoon,Undirected,5,4Cersei-Lannister,Moon-Boy,Undirected,5,4Cersei-Lannister,Olenna-Redwyne,Undirected,6,4Cersei-Lannister,Osfryd-Kettleblack,Undirected,8,4Cersei-Lannister,Pycelle,Undirected,15,4Cersei-Lannister,Rafford,Undirected,7,4Cersei-Lannister,Raynard,Undirected,3,4Cersei-Lannister,Senelle,Undirected,9,4Cersei-Lannister,Taena-of-Myr,Undirected,46,4Cersei-Lannister,Unella,Undirected,13,4Cersei-Lannister,Varys,Undirected,7,4Cersei-Lannister,Walder-Frey,Undirected,5,4Cersei-Lannister,Daenerys-Targaryen,Undirected,3,4Cersei-Lannister,Moelle,Undirected,4,4Cersei-Lannister,Robert-Strong,Undirected,4,4Cersei-Lannister,Scolera,Undirected,5,4Jaime-Lannister,Lyle-Crakehall,Undirected,9,4Jaime-Lannister,Rhaegar-Targaryen,Undirected,7,4Jaime-Lannister,Robert-Baratheon,Undirected,16,4Jaime-Lannister,Tywin-Lannister,Undirected,14,4Jaime-Lannister,Margaery-Tyrell,Undirected,10,4Jaime-Lannister,Lancel-Lannister,Undirected,22,4Jaime-Lannister,Sandor-Clegane,Undirected,9,4Jaime-Lannister,Sansa-Stark,Undirected,6,4Jaime-Lannister,Loras-Tyrell,Undirected,10,4Jaime-Lannister,Tommen-Baratheon,Undirected,26,4Jaime-Lannister,Mariya-Darry,Undirected,6,4Jaime-Lannister,Thoros-of-Myr,Undirected,3,4Jaime-Lannister,Qyburn,Undirected,4,4Jaime-Lannister,Osmund-Kettleblack,Undirected,17,4Jaime-Lannister,Robb-Stark,Undirected,4,4Jaime-Lannister,Renly-Baratheon,Undirected,6,4Jaime-Lannister,Tyrion-Lannister,Undirected,19,4Jaime-Lannister,Ryman-Frey,Undirected,13,4Jaime-Lannister,Kevan-Lannister,Undirected,9,4Jaime-Lannister,Mace-Tyrell,Undirected,5,4Jaime-Lannister,Melara-Hetherspoon,Undirected,3,4Jaime-Lannister,Olenna-Redwyne,Undirected,3,4Jaime-Lannister,Pycelle,Undirected,10,4Jaime-Lannister,Rafford,Undirected,3,4Jaime-Lannister,Taena-of-Myr,Undirected,4,4Jaime-Lannister,Varys,Undirected,11,4Jaime-Lannister,Walder-Frey,Undirected,5,4Jaime-Lannister,Shadrich,Undirected,3,4Jaime-Lannister,Walder-Rivers,Undirected,4,4Jaime-Lannister,Josmyn-Peckledon,Undirected,17,4Jaime-Lannister,Joy-Hill,Undirected,3,4Jaime-Lannister,Karyl-Vance,Undirected,4,4Jaime-Lannister,Lewys-Piper,Undirected,3,4Jaime-Lannister,Pia,Undirected,10,4Jaime-Lannister,Rennifer-Longwaters,Undirected,3,4Jaime-Lannister,Ronnet-Connington,Undirected,4,4Jaime-Lannister,Shitmouth,Undirected,3,4Jaime-Lannister,Sybell-Spicer,Undirected,4,4Jaime-Lannister,Vargo-Hoat,Undirected,6,4Jaime-Lannister,Wylis-Manderly,Undirected,3,4Jaime-Lannister,Zollo,Undirected,3,4Jaime-Lannister,Jonos-Bracken,Undirected,9,4Jaime-Lannister,Tytos-Blackwood,Undirected,6,4Aegon-Targaryen-(son-of-Rhaegar),Rhaegar-Targaryen,Undirected,12,4Aegon-Targaryen-(son-of-Rhaegar),Tywin-Lannister,Undirected,3,4Aegon-Targaryen-(son-of-Rhaegar),Tyrion-Lannister,Undirected,23,4Aegon-Targaryen-(son-of-Rhaegar),Elia-Martell,Undirected,4,4Aegon-Targaryen-(son-of-Rhaegar),Daenerys-Targaryen,Undirected,11,4Aegon-Targaryen-(son-of-Rhaegar),Franklyn-Flowers,Undirected,3,4Aegon-Targaryen-(son-of-Rhaegar),Haldon,Undirected,14,4Aegon-Targaryen-(son-of-Rhaegar),Harry-Strickland,Undirected,9,4Aegon-Targaryen-(son-of-Rhaegar),Jon-Connington,Undirected,16,4Aegon-Targaryen-(son-of-Rhaegar),Lemore,Undirected,10,4Aegon-Targaryen-(son-of-Rhaegar),Rhaenys-Targaryen-(daughter-of-Rhaegar),Undirected,4,4Aegon-Targaryen-(son-of-Rhaegar),Rolly-Duckfield,Undirected,11,4Aegon-Targaryen-(son-of-Rhaegar),Viserys-Targaryen,Undirected,3,4Aegon-Targaryen-(son-of-Rhaegar),Yandry,Undirected,6,4Aegon-Targaryen-(son-of-Rhaegar),Ysilla,Undirected,4,4Rhaegar-Targaryen,Robert-Baratheon,Undirected,13,4Aegon-V-Targaryen,Aemon-Targaryen-(Maester-Aemon),Undirected,3,4Aemon-Targaryen-(Maester-Aemon),Alleras,Undirected,4,4Aemon-Targaryen-(Maester-Aemon),Clydas,Undirected,12,4Aemon-Targaryen-(Maester-Aemon),Dareon,Undirected,5,4Aemon-Targaryen-(Maester-Aemon),Gilly,Undirected,20,4Aemon-Targaryen-(Maester-Aemon),Jon-Snow,Undirected,29,4Aemon-Targaryen-(Maester-Aemon),Samwell-Tarly,Undirected,57,4Aemon-Targaryen-(Maester-Aemon),Stannis-Baratheon,Undirected,3,4Alleras,Samwell-Tarly,Undirected,8,4Alleras,Armen,Undirected,5,4Alleras,Leo-Tyrell,Undirected,7,4Alleras,Marwyn,Undirected,3,4Alleras,Mollander,Undirected,7,4Alleras,Pate-(novice),Undirected,8,4Alleras,Roone,Undirected,6,4Clydas,Jon-Snow,Undirected,20,4Clydas,Samwell-Tarly,Undirected,3,4Clydas,Stannis-Baratheon,Undirected,3,4Clydas,Mully,Undirected,4,4Dareon,Gilly,Undirected,7,4Dareon,Samwell-Tarly,Undirected,26,4Dareon,Lanna-(Happy-Port),Undirected,4,4Gilly,Jon-Snow,Undirected,25,4Gilly,Samwell-Tarly,Undirected,49,4Gilly,Kojja-Mo,Undirected,7,4Gilly,Melisandre,Undirected,7,4Gilly,Mance-Rayder,Undirected,3,4Jon-Snow,Samwell-Tarly,Undirected,45,4Jon-Snow,Sansa-Stark,Undirected,3,4Jon-Snow,Stannis-Baratheon,Undirected,79,4Jon-Snow,Robb-Stark,Undirected,13,4Jon-Snow,Melisandre,Undirected,48,4Jon-Snow,Pypar,Undirected,5,4Jon-Snow,Qhorin-Halfhand,Undirected,3,4Jon-Snow,Sigorn,Undirected,6,4Jon-Snow,Satin,Undirected,15,4Jon-Snow,Mance-Rayder,Undirected,25,4Jon-Snow,Tycho-Nestoris,Undirected,12,4Jon-Snow,Selyse-Florent,Undirected,38,4Jon-Snow,Shireen-Baratheon,Undirected,4,4Jon-Snow,Narbert-Grandison,Undirected,3,4Jon-Snow,Othell-Yarwyck,Undirected,10,4Jon-Snow,Tormund,Undirected,50,4Jon-Snow,Wick-Whittlestick,Undirected,5,4Jon-Snow,Malegorn,Undirected,5,4Jon-Snow,Mully,Undirected,14,4Jon-Snow,Val,Undirected,37,4Jon-Snow,Leathers,Undirected,18,4Jon-Snow,Rory,Undirected,6,4Jon-Snow,Owen,Undirected,3,4Jon-Snow,Patrek-of-Kings-Mountain,Undirected,7,4Jon-Snow,Rattleshirt,Undirected,23,4Jon-Snow,Soren-Shieldbreaker,Undirected,3,4Jon-Snow,Tom-Barleycorn,Undirected,4,4Jon-Snow,Toregg,Undirected,6,4Jon-Snow,Ulmer,Undirected,3,4Jon-Snow,Weeper,Undirected,3,4Jon-Snow,Wun-Weg-Wun-Dar-Wun,Undirected,11,4Jon-Snow,Ygritte,Undirected,14,4Samwell-Tarly,Stannis-Baratheon,Undirected,19,4Samwell-Tarly,Xhondo,Undirected,18,4Samwell-Tarly,Theobald,Undirected,7,4Aeron-Greyjoy,Asha-Greyjoy,Undirected,7,4Aeron-Greyjoy,Baelor-Blacktyde,Undirected,4,4Aeron-Greyjoy,Balon-Greyjoy,Undirected,17,4Aeron-Greyjoy,Dunstan-Drumm,Undirected,4,4Aeron-Greyjoy,Emmond,Undirected,4,4Aeron-Greyjoy,Euron-Greyjoy,Undirected,27,4Aeron-Greyjoy,Gormond-Goodbrother,Undirected,6,4Aeron-Greyjoy,Gorold-Goodbrother,Undirected,10,4Aeron-Greyjoy,Greydon-Goodbrother,Undirected,4,4Aeron-Greyjoy,Meldred-Merlyn,Undirected,7,4Aeron-Greyjoy,Murenmure,Undirected,11,4Aeron-Greyjoy,Rus,Undirected,5,4Aeron-Greyjoy,Theon-Greyjoy,Undirected,3,4Aeron-Greyjoy,Victarion-Greyjoy,Undirected,20,4Asha-Greyjoy,Balon-Greyjoy,Undirected,12,4Asha-Greyjoy,Euron-Greyjoy,Undirected,23,4Asha-Greyjoy,Theon-Greyjoy,Undirected,13,4Asha-Greyjoy,Victarion-Greyjoy,Undirected,10,4Asha-Greyjoy,Robert-Baratheon,Undirected,4,4Asha-Greyjoy,Red-Oarsman,Undirected,3,4Asha-Greyjoy,Rodrik-Harlaw,Undirected,7,4Asha-Greyjoy,Tristifer-Botley,Undirected,16,4Asha-Greyjoy,Stannis-Baratheon,Undirected,16,4Asha-Greyjoy,Justin-Massey,Undirected,15,4Asha-Greyjoy,Clayton-Suggs,Undirected,4,4Asha-Greyjoy,Galbart-Glover,Undirected,8,4Asha-Greyjoy,Godry-Farring,Undirected,3,4Asha-Greyjoy,Grimtongue,Undirected,3,4Asha-Greyjoy,Hagen,Undirected,3,4Asha-Greyjoy,Qarl-the-Maid,Undirected,8,4Asha-Greyjoy,Rolfe-the-Dwarf,Undirected,3,4Asha-Greyjoy,Sybelle-Glover,Undirected,3,4Asha-Greyjoy,Torgon-Greyiron,Undirected,3,4Asha-Greyjoy,Tycho-Nestoris,Undirected,3,4Baelor-Blacktyde,Balon-Greyjoy,Undirected,3,4Baelor-Blacktyde,Euron-Greyjoy,Undirected,4,4Baelor-Blacktyde,Victarion-Greyjoy,Undirected,4,4Balon-Greyjoy,Euron-Greyjoy,Undirected,23,4Balon-Greyjoy,Theon-Greyjoy,Undirected,3,4Balon-Greyjoy,Victarion-Greyjoy,Undirected,13,4Balon-Greyjoy,Stannis-Baratheon,Undirected,4,4Dunstan-Drumm,Victarion-Greyjoy,Undirected,3,4Dunstan-Drumm,Rodrik-Harlaw,Undirected,3,4Euron-Greyjoy,Victarion-Greyjoy,Undirected,50,4Euron-Greyjoy,Red-Oarsman,Undirected,6,4Euron-Greyjoy,Rodrik-Harlaw,Undirected,4,4Euron-Greyjoy,Hotho-Harlaw,Undirected,4,4Euron-Greyjoy,Humfrey-Hewett,Undirected,3,4Euron-Greyjoy,Nute,Undirected,4,4Euron-Greyjoy,Quellon-Greyjoy,Undirected,3,4Euron-Greyjoy,Sawane-Botley,Undirected,3,4Gorold-Goodbrother,Victarion-Greyjoy,Undirected,3,4Meldred-Merlyn,Victarion-Greyjoy,Undirected,3,4Murenmure,Theon-Greyjoy,Undirected,3,4Theon-Greyjoy,Wyman-Manderly,Undirected,3,4Theon-Greyjoy,Walder-Frey-(son-of-Merrett),Undirected,6,4Theon-Greyjoy,Yellow-Dick,Undirected,5,4Theon-Greyjoy,Walda-Frey-(daughter-of-Merrett),Undirected,3,4Theon-Greyjoy,Walder-Frey-(son-of-Jammos),Undirected,6,4Theon-Greyjoy,Wex-Pyke,Undirected,3,4Theon-Greyjoy,Willow-Witch-eye,Undirected,4,4Victarion-Greyjoy,Wulfe,Undirected,3,4Aerys-II-Targaryen,Cersei-Lannister,Undirected,3,4Aerys-II-Targaryen,Jaime-Lannister,Undirected,6,4Aerys-II-Targaryen,Rhaegar-Targaryen,Undirected,10,4Aerys-II-Targaryen,Barristan-Selmy,Undirected,4,4Aerys-II-Targaryen,Denys-Darklyn,Undirected,4,4Aerys-II-Targaryen,Elbert-Arryn,Undirected,3,4Aerys-II-Targaryen,Owen-Merryweather,Undirected,3,4Aerys-II-Targaryen,Robert-Baratheon,Undirected,8,4Aerys-II-Targaryen,Tywin-Lannister,Undirected,16,4Barristan-Selmy,Rhaegar-Targaryen,Undirected,3,4Barristan-Selmy,Quentyn-Martell,Undirected,22,4Barristan-Selmy,Tyrion-Lannister,Undirected,3,4Barristan-Selmy,Varys,Undirected,3,4Barristan-Selmy,Daenerys-Targaryen,Undirected,75,4Barristan-Selmy,Daario-Naharis,Undirected,18,4Barristan-Selmy,Grey-Worm,Undirected,6,4Barristan-Selmy,Jhogo,Undirected,3,4Barristan-Selmy,Gerris-Drinkwater,Undirected,4,4Barristan-Selmy,Belwas,Undirected,9,4Barristan-Selmy,Ben-Plumm,Undirected,4,4Barristan-Selmy,Bloodbeard,Undirected,3,4Barristan-Selmy,Galazza-Galare,Undirected,5,4Barristan-Selmy,Grazhar,Undirected,3,4Barristan-Selmy,Groleo,Undirected,8,4Barristan-Selmy,Hizdahr-zo-Loraq,Undirected,42,4Barristan-Selmy,Khrazz,Undirected,8,4Barristan-Selmy,Larraq,Undirected,3,4Barristan-Selmy,Missandei,Undirected,8,4Barristan-Selmy,Reznak-mo-Reznak,Undirected,7,4Barristan-Selmy,Skahaz-mo-Kandaq,Undirected,21,4Barristan-Selmy,Steelskin,Undirected,3,4Barristan-Selmy,Widower,Undirected,3,4Barristan-Selmy,Xaro-Xhoan-Daxos,Undirected,3,4Robert-Baratheon,Tywin-Lannister,Undirected,3,4Robert-Baratheon,Stannis-Baratheon,Undirected,15,4Robert-Baratheon,Tommen-Baratheon,Undirected,9,4Robert-Baratheon,Tyrion-Lannister,Undirected,6,4Robert-Baratheon,Taena-of-Myr,Undirected,5,4Robert-Baratheon,Viserys-Targaryen,Undirected,3,4Robert-Baratheon,Val,Undirected,3,4Robert-Baratheon,Willam-Dustin,Undirected,3,4Tywin-Lannister,Wylis-Manderly,Undirected,3,4Alla-Tyrell,Elinor-Tyrell,Undirected,8,4Alla-Tyrell,Margaery-Tyrell,Undirected,7,4Alla-Tyrell,Megga-Tyrell,Undirected,10,4Alla-Tyrell,Osney-Kettleblack,Undirected,3,4Elinor-Tyrell,Margaery-Tyrell,Undirected,5,4Elinor-Tyrell,Megga-Tyrell,Undirected,10,4Elinor-Tyrell,Tallad,Undirected,3,4Margaery-Tyrell,Robert-Baratheon,Undirected,5,4Margaery-Tyrell,Megga-Tyrell,Undirected,9,4Margaery-Tyrell,Osney-Kettleblack,Undirected,14,4Margaery-Tyrell,Sansa-Stark,Undirected,3,4Margaery-Tyrell,Orton-Merryweather,Undirected,4,4Margaery-Tyrell,Tommen-Baratheon,Undirected,46,4Margaery-Tyrell,Qyburn,Undirected,6,4Margaery-Tyrell,Tallad,Undirected,3,4Margaery-Tyrell,Osmund-Kettleblack,Undirected,8,4Margaery-Tyrell,Olenna-Redwyne,Undirected,3,4Margaery-Tyrell,Senelle,Undirected,3,4Margaery-Tyrell,Taena-of-Myr,Undirected,15,4Margaery-Tyrell,Willas-Tyrell,Undirected,3,4Osney-Kettleblack,Stannis-Baratheon,Undirected,3,4Osney-Kettleblack,Tommen-Baratheon,Undirected,6,4Osney-Kettleblack,Taena-of-Myr,Undirected,3,4Armen,Leo-Tyrell,Undirected,3,4Armen,Marwyn,Undirected,3,4Armen,Mollander,Undirected,3,4Armen,Pate-(novice),Undirected,5,4Armen,Roone,Undirected,4,4Leo-Tyrell,Samwell-Tarly,Undirected,3,4Leo-Tyrell,Pate-(novice),Undirected,8,4Leo-Tyrell,Roone,Undirected,3,4Marwyn,Samwell-Tarly,Undirected,6,4Mollander,Pate-(novice),Undirected,3,4Mollander,Roone,Undirected,7,4Pate-(novice),Walgrave,Undirected,10,4Pate-(novice),Quill,Undirected,4,4Pate-(novice),Rosey,Undirected,9,4Alys-Arryn,Elys-Waynwood,Undirected,4,4Alys-Arryn,Jon-Arryn,Undirected,3,4Jon-Arryn,Robert-Baratheon,Undirected,3,4Jon-Arryn,Petyr-Baelish,Undirected,3,4Jon-Arryn,Lysa-Arryn,Undirected,3,4Jon-Arryn,Tyrion-Lannister,Undirected,3,4Amerei-Frey,Jaime-Lannister,Undirected,6,4Amerei-Frey,Lyle-Crakehall,Undirected,4,4Amerei-Frey,Lancel-Lannister,Undirected,10,4Lancel-Lannister,Osmund-Kettleblack,Undirected,13,4Lancel-Lannister,Moon-Boy,Undirected,11,4Anders-Yronwood,Quentyn-Martell,Undirected,4,4Quentyn-Martell,Trystane-Martell,Undirected,3,4Quentyn-Martell,Tattered-Prince,Undirected,14,4Andrey-Dalt,Arianne-Martell,Undirected,10,4Andrey-Dalt,Garin-(orphan),Undirected,11,4Andrey-Dalt,Myrcella-Baratheon,Undirected,4,4Andrey-Dalt,Sylva-Santagar,Undirected,8,4Andrey-Dalt,Tyene-Sand,Undirected,4,4Arianne-Martell,Quentyn-Martell,Undirected,8,4Arianne-Martell,Garin-(orphan),Undirected,18,4Arianne-Martell,Myrcella-Baratheon,Undirected,16,4Arianne-Martell,Sylva-Santagar,Undirected,10,4Arianne-Martell,Tyene-Sand,Undirected,4,4Arianne-Martell,Arys-Oakheart,Undirected,19,4Arianne-Martell,Doran-Martell,Undirected,26,4Arianne-Martell,Obara-Sand,Undirected,5,4Arianne-Martell,Oberyn-Martell,Undirected,3,4Arianne-Martell,Cedra,Undirected,8,4Arianne-Martell,Franklyn-Fowler,Undirected,3,4Arianne-Martell,Gerold-Dayne,Undirected,11,4Arianne-Martell,Mellei,Undirected,3,4Arianne-Martell,Morra,Undirected,3,4Arianne-Martell,Ricasso,Undirected,3,4Arianne-Martell,Timoth,Undirected,3,4Arianne-Martell,Balon-Swann,Undirected,5,4Arianne-Martell,Ellaria-Sand,Undirected,3,4Garin-(orphan),Myrcella-Baratheon,Undirected,5,4Garin-(orphan),Sylva-Santagar,Undirected,8,4Garin-(orphan),Tyene-Sand,Undirected,5,4Garin-(orphan),Gerold-Dayne,Undirected,5,4Garin-(orphan),Nymeria-Sand,Undirected,3,4Myrcella-Baratheon,Sylva-Santagar,Undirected,4,4Myrcella-Baratheon,Stannis-Baratheon,Undirected,3,4Myrcella-Baratheon,Tommen-Baratheon,Undirected,11,4Myrcella-Baratheon,Tyrion-Lannister,Undirected,9,4Myrcella-Baratheon,Trystane-Martell,Undirected,10,4Sylva-Santagar,Tyene-Sand,Undirected,3,4Anya-Waynwood,Benedar-Belmore,Undirected,4,4Anya-Waynwood,Gilwood-Hunter,Undirected,6,4Anya-Waynwood,Harrold-Hardyng,Undirected,6,4Anya-Waynwood,Horton-Redfort,Undirected,7,4Anya-Waynwood,Petyr-Baelish,Undirected,10,4Anya-Waynwood,Symond-Templeton,Undirected,6,4Anya-Waynwood,Yohn-Royce,Undirected,5,4Benedar-Belmore,Gilwood-Hunter,Undirected,3,4Benedar-Belmore,Horton-Redfort,Undirected,5,4Benedar-Belmore,Petyr-Baelish,Undirected,5,4Benedar-Belmore,Symond-Templeton,Undirected,4,4Gilwood-Hunter,Horton-Redfort,Undirected,6,4Gilwood-Hunter,Symond-Templeton,Undirected,4,4Gilwood-Hunter,Lysa-Arryn,Undirected,3,4Harrold-Hardyng,Yohn-Royce,Undirected,3,4Harrold-Hardyng,Robert-Arryn,Undirected,4,4Horton-Redfort,Yohn-Royce,Undirected,3,4Petyr-Baelish,Symond-Templeton,Undirected,5,4Petyr-Baelish,Yohn-Royce,Undirected,12,4Petyr-Baelish,Sansa-Stark,Undirected,18,4Petyr-Baelish,Tyrion-Lannister,Undirected,5,4Petyr-Baelish,Pycelle,Undirected,4,4Petyr-Baelish,Varys,Undirected,4,4Petyr-Baelish,Robert-Arryn,Undirected,22,4Symond-Templeton,Yohn-Royce,Undirected,4,4Areo-Hotah,Arianne-Martell,Undirected,28,4Areo-Hotah,Myrcella-Baratheon,Undirected,5,4Areo-Hotah,Arys-Oakheart,Undirected,11,4Areo-Hotah,Caleotte,Undirected,7,4Areo-Hotah,Doran-Martell,Undirected,44,4Areo-Hotah,Obara-Sand,Undirected,13,4Areo-Hotah,Oberyn-Martell,Undirected,3,4Areo-Hotah,Balon-Swann,Undirected,4,4Areo-Hotah,Ellaria-Sand,Undirected,3,4Arys-Oakheart,Garin-(orphan),Undirected,3,4Arys-Oakheart,Myrcella-Baratheon,Undirected,18,4Arys-Oakheart,Doran-Martell,Undirected,3,4Arys-Oakheart,Gerold-Dayne,Undirected,6,4Caleotte,Doran-Martell,Undirected,11,4Caleotte,Obara-Sand,Undirected,5,4Caleotte,Gregor-Clegane,Undirected,4,4Doran-Martell,Robert-Baratheon,Undirected,3,4Doran-Martell,Tywin-Lannister,Undirected,4,4Doran-Martell,Quentyn-Martell,Undirected,4,4Doran-Martell,Myrcella-Baratheon,Undirected,11,4Doran-Martell,Tyene-Sand,Undirected,6,4Doran-Martell,Obara-Sand,Undirected,12,4Doran-Martell,Oberyn-Martell,Undirected,10,4Doran-Martell,Gregor-Clegane,Undirected,8,4Doran-Martell,Nymeria-Sand,Undirected,7,4Doran-Martell,Viserys-Targaryen,Undirected,3,4Doran-Martell,Ellaria-Sand,Undirected,3,4Obara-Sand,Tyene-Sand,Undirected,16,4Oberyn-Martell,Tyene-Sand,Undirected,3,4Cedra,Garin-(orphan),Undirected,5,4Gerold-Dayne,Myrcella-Baratheon,Undirected,9,4Mellei,Morra,Undirected,5,4Arya-Stark,Dareon,Undirected,5,4Arya-Stark,Jon-Snow,Undirected,12,4Arya-Stark,Theon-Greyjoy,Undirected,7,4Arya-Stark,Bellegere-Otherys,Undirected,3,4Arya-Stark,Brea,Undirected,5,4Arya-Stark,Brusco,Undirected,10,4Arya-Stark,Denyo-Terys,Undirected,8,4Arya-Stark,Kindly-Man,Undirected,17,4Arya-Stark,Meralyn,Undirected,9,4Arya-Stark,Nan,Undirected,5,4Arya-Stark,Sandor-Clegane,Undirected,3,4Arya-Stark,Sansa-Stark,Undirected,8,4Arya-Stark,Syrio-Forel,Undirected,4,4Arya-Stark,Talea,Undirected,4,4Arya-Stark,Ternesio-Terys,Undirected,5,4Arya-Stark,Umma,Undirected,6,4Arya-Stark,Waif,Undirected,20,4Arya-Stark,Yorko-Terys,Undirected,6,4Arya-Stark,Bran-Stark,Undirected,7,4Arya-Stark,Eddard-Stark,Undirected,4,4Arya-Stark,Melisandre,Undirected,4,4Arya-Stark,Jeyne-Poole,Undirected,4,4Arya-Stark,Mance-Rayder,Undirected,3,4Arya-Stark,Ramsay-Snow,Undirected,5,4Brea,Brusco,Undirected,6,4Brea,Talea,Undirected,4,4Denyo-Terys,Ternesio-Terys,Undirected,3,4Kindly-Man,Waif,Undirected,13,4Sandor-Clegane,Sansa-Stark,Undirected,3,4Sandor-Clegane,Thoros-of-Myr,Undirected,3,4Sandor-Clegane,Timeon,Undirected,4,4Sandor-Clegane,Tyrion-Lannister,Undirected,3,4Sandor-Clegane,Tickler,Undirected,4,4Sansa-Stark,Tywin-Lannister,Undirected,3,4Sansa-Stark,Yohn-Royce,Undirected,3,4Sansa-Stark,Tyrion-Lannister,Undirected,6,4Rodrik-Harlaw,Victarion-Greyjoy,Undirected,3,4Rodrik-Harlaw,Sigfryd-Harlaw,Undirected,3,4Aurane-Waters,Cersei-Lannister,Undirected,9,4Aurane-Waters,Margaery-Tyrell,Undirected,5,4Aurane-Waters,Gyles-Rosby,Undirected,3,4Aurane-Waters,Harys-Swyft,Undirected,5,4Aurane-Waters,Loras-Tyrell,Undirected,3,4Aurane-Waters,Orton-Merryweather,Undirected,3,4Aurane-Waters,Paxter-Redwyne,Undirected,3,4Aurane-Waters,Stannis-Baratheon,Undirected,3,4Aurane-Waters,Tommen-Baratheon,Undirected,3,4Gyles-Rosby,Margaery-Tyrell,Undirected,5,4Gyles-Rosby,Harys-Swyft,Undirected,6,4Gyles-Rosby,Orton-Merryweather,Undirected,4,4Gyles-Rosby,Qyburn,Undirected,4,4Gyles-Rosby,Mace-Tyrell,Undirected,3,4Gyles-Rosby,Pycelle,Undirected,12,4Harys-Swyft,Orton-Merryweather,Undirected,3,4Harys-Swyft,Stannis-Baratheon,Undirected,3,4Harys-Swyft,Tommen-Baratheon,Undirected,3,4Harys-Swyft,Pycelle,Undirected,12,4Harys-Swyft,Taena-of-Myr,Undirected,3,4Loras-Tyrell,Margaery-Tyrell,Undirected,21,4Loras-Tyrell,Tommen-Baratheon,Undirected,13,4Loras-Tyrell,Osmund-Kettleblack,Undirected,13,4Loras-Tyrell,Tyrion-Lannister,Undirected,3,4Orton-Merryweather,Petyr-Baelish,Undirected,5,4Orton-Merryweather,Stannis-Baratheon,Undirected,3,4Orton-Merryweather,Tommen-Baratheon,Undirected,3,4Orton-Merryweather,Pycelle,Undirected,5,4Orton-Merryweather,Taena-of-Myr,Undirected,4,4Paxter-Redwyne,Samwell-Tarly,Undirected,4,4Stannis-Baratheon,Theon-Greyjoy,Undirected,10,4Stannis-Baratheon,Tywin-Lannister,Undirected,7,4Stannis-Baratheon,Tommen-Baratheon,Undirected,13,4Stannis-Baratheon,Tyrion-Lannister,Undirected,6,4Stannis-Baratheon,Wyman-Manderly,Undirected,19,4Stannis-Baratheon,Tycho-Nestoris,Undirected,7,4Stannis-Baratheon,Val,Undirected,15,4Stannis-Baratheon,Theomore,Undirected,3,4Stannis-Baratheon,William-Foxglove,Undirected,3,4Tommen-Baratheon,Tywin-Lannister,Undirected,6,4Tommen-Baratheon,Tyrion-Lannister,Undirected,5,4Baelor-I-Targaryen,Cersei-Lannister,Undirected,5,4Balman-Byrch,Cersei-Lannister,Undirected,7,4Balman-Byrch,Bronn,Undirected,7,4Balman-Byrch,Falyse-Stokeworth,Undirected,10,4Bronn,Cersei-Lannister,Undirected,4,4Bronn,Falyse-Stokeworth,Undirected,3,4Bronn,Tyrion-Lannister,Undirected,4,4Bronn,Lollys-Stokeworth,Undirected,4,4Falyse-Stokeworth,Qyburn,Undirected,7,4Balon-Swann,Jaime-Lannister,Undirected,3,4Balon-Swann,Myrcella-Baratheon,Undirected,4,4Balon-Swann,Doran-Martell,Undirected,11,4Balon-Swann,Gerold-Dayne,Undirected,3,4Balon-Swann,Loras-Tyrell,Undirected,4,4Balon-Swann,Gregor-Clegane,Undirected,3,4Balon-Swann,Tyrion-Lannister,Undirected,3,4Gregor-Clegane,Jaime-Lannister,Undirected,5,4Gregor-Clegane,Tywin-Lannister,Undirected,5,4Gregor-Clegane,Oberyn-Martell,Undirected,3,4Gregor-Clegane,Sandor-Clegane,Undirected,5,4Gregor-Clegane,Qyburn,Undirected,6,4Gregor-Clegane,Meryn-Trant,Undirected,6,4Gregor-Clegane,Ilyn-Payne,Undirected,7,4Gregor-Clegane,Pycelle,Undirected,3,4Gregor-Clegane,Rafford,Undirected,7,4Beric-Dondarrion,Jaime-Lannister,Undirected,7,4Beric-Dondarrion,Sandor-Clegane,Undirected,3,4Beric-Dondarrion,Catelyn-Stark,Undirected,3,4Beric-Dondarrion,Mariya-Darry,Undirected,5,4Beric-Dondarrion,Thoros-of-Myr,Undirected,5,4Catelyn-Stark,Jaime-Lannister,Undirected,15,4Catelyn-Stark,Petyr-Baelish,Undirected,3,4Catelyn-Stark,Sansa-Stark,Undirected,9,4Catelyn-Stark,Robb-Stark,Undirected,4,4Catelyn-Stark,Hyle-Hunt,Undirected,3,4Catelyn-Stark,Randyll-Tarly,Undirected,3,4Catelyn-Stark,Renly-Baratheon,Undirected,4,4Catelyn-Stark,Tyrion-Lannister,Undirected,3,4Catelyn-Stark,Eddard-Stark,Undirected,5,4Biter,Brienne-of-Tarth,Undirected,5,4Brienne-of-Tarth,Cersei-Lannister,Undirected,3,4Brienne-of-Tarth,Jaime-Lannister,Undirected,21,4Brienne-of-Tarth,Tywin-Lannister,Undirected,3,4Brienne-of-Tarth,Sandor-Clegane,Undirected,12,4Brienne-of-Tarth,Sansa-Stark,Undirected,19,4Brienne-of-Tarth,Tommen-Baratheon,Undirected,3,4Brienne-of-Tarth,Catelyn-Stark,Undirected,10,4Brienne-of-Tarth,Clarence-Crabb,Undirected,4,4Brienne-of-Tarth,Creighton-Longbough,Undirected,8,4Brienne-of-Tarth,Dick-Crabb,Undirected,21,4Brienne-of-Tarth,Dontos-Hollard,Undirected,7,4Brienne-of-Tarth,Elder-Brother,Undirected,4,4Brienne-of-Tarth,Gendry,Undirected,6,4Brienne-of-Tarth,Hyle-Hunt,Undirected,17,4Brienne-of-Tarth,Illifer,Undirected,8,4Brienne-of-Tarth,Jeyne-Heddle,Undirected,4,4Brienne-of-Tarth,Joffrey-Baratheon,Undirected,4,4Brienne-of-Tarth,Lysa-Arryn,Undirected,3,4Brienne-of-Tarth,Meribald,Undirected,17,4Brienne-of-Tarth,Narbert,Undirected,6,4Brienne-of-Tarth,Podrick-Payne,Undirected,36,4Brienne-of-Tarth,Pyg,Undirected,4,4Brienne-of-Tarth,Randyll-Tarly,Undirected,8,4Brienne-of-Tarth,Renly-Baratheon,Undirected,9,4Brienne-of-Tarth,Shagwell,Undirected,9,4Brienne-of-Tarth,Timeon,Undirected,5,4Brienne-of-Tarth,Tyrion-Lannister,Undirected,3,4Brienne-of-Tarth,Willow-Heddle,Undirected,5,4Blue-Bard,Cersei-Lannister,Undirected,7,4Blue-Bard,Margaery-Tyrell,Undirected,6,4Blue-Bard,Lambert-Turnberry,Undirected,3,4Blue-Bard,Qyburn,Undirected,4,4Blue-Bard,Tallad,Undirected,3,4Lambert-Turnberry,Tallad,Undirected,3,4Qyburn,Stannis-Baratheon,Undirected,3,4Qyburn,Robert-Strong,Undirected,4,4Bonifer-Hasty,Jaime-Lannister,Undirected,4,4Boros-Blount,Cersei-Lannister,Undirected,3,4Boros-Blount,Jaime-Lannister,Undirected,3,4Boros-Blount,Osney-Kettleblack,Undirected,3,4Boros-Blount,Tommen-Baratheon,Undirected,4,4Boros-Blount,Meryn-Trant,Undirected,7,4Boros-Blount,Osmund-Kettleblack,Undirected,8,4Meryn-Trant,Osmund-Kettleblack,Undirected,9,4Meryn-Trant,Rafford,Undirected,7,4Osmund-Kettleblack,Osney-Kettleblack,Undirected,6,4Osmund-Kettleblack,Tommen-Baratheon,Undirected,6,4Osmund-Kettleblack,Qyburn,Undirected,3,4Osmund-Kettleblack,Tyrion-Lannister,Undirected,6,4Osmund-Kettleblack,Pycelle,Undirected,3,4Bran-Stark,Jon-Snow,Undirected,10,4Bran-Stark,Theon-Greyjoy,Undirected,8,4Bran-Stark,Tommen-Baratheon,Undirected,3,4Bran-Stark,Rickon-Stark,Undirected,12,4Bran-Stark,Robb-Stark,Undirected,11,4Bran-Stark,Eddard-Stark,Undirected,4,4Bran-Stark,Brynden-Rivers,Undirected,14,4Bran-Stark,Coldhands,Undirected,6,4Bran-Stark,Hodor,Undirected,50,4Bran-Stark,Jojen-Reed,Undirected,17,4Bran-Stark,Leaf,Undirected,5,4Bran-Stark,Meera-Reed,Undirected,33,4Rickon-Stark,Theon-Greyjoy,Undirected,4,4Rickon-Stark,Robb-Stark,Undirected,8,4Robb-Stark,Theon-Greyjoy,Undirected,7,4Robb-Stark,Sansa-Stark,Undirected,3,4Robb-Stark,Stannis-Baratheon,Undirected,6,4Robb-Stark,Wyman-Manderly,Undirected,3,4Robb-Stark,Rodrik-Cassel,Undirected,3,4Brella,Sansa-Stark,Undirected,4,4Creighton-Longbough,Illifer,Undirected,15,4Creighton-Longbough,Shadrich,Undirected,4,4Dick-Crabb,Jaime-Lannister,Undirected,3,4Dick-Crabb,Podrick-Payne,Undirected,9,4Dick-Crabb,Renly-Baratheon,Undirected,3,4Dick-Crabb,Eustace-Brune,Undirected,3,4Dontos-Hollard,Sansa-Stark,Undirected,9,4Dontos-Hollard,Joffrey-Baratheon,Undirected,4,4Dontos-Hollard,Tyrion-Lannister,Undirected,3,4Elder-Brother,Meribald,Undirected,3,4Elder-Brother,Narbert,Undirected,4,4Gendry,Willow-Heddle,Undirected,3,4Hyle-Hunt,Sandor-Clegane,Undirected,3,4Hyle-Hunt,Sansa-Stark,Undirected,3,4Hyle-Hunt,Meribald,Undirected,9,4Hyle-Hunt,Podrick-Payne,Undirected,19,4Hyle-Hunt,Randyll-Tarly,Undirected,5,4Joffrey-Baratheon,Robert-Baratheon,Undirected,5,4Joffrey-Baratheon,Margaery-Tyrell,Undirected,6,4Joffrey-Baratheon,Myrcella-Baratheon,Undirected,6,4Joffrey-Baratheon,Sandor-Clegane,Undirected,4,4Joffrey-Baratheon,Sansa-Stark,Undirected,6,4Joffrey-Baratheon,Tommen-Baratheon,Undirected,26,4Joffrey-Baratheon,Qyburn,Undirected,3,4Joffrey-Baratheon,Tyrion-Lannister,Undirected,19,4Joffrey-Baratheon,Mace-Tyrell,Undirected,3,4Lysa-Arryn,Petyr-Baelish,Undirected,14,4Lysa-Arryn,Sansa-Stark,Undirected,6,4Lysa-Arryn,Robert-Arryn,Undirected,8,4Lysa-Arryn,Marillion,Undirected,5,4Lysa-Arryn,Nestor-Royce,Undirected,12,4Meribald,Narbert,Undirected,4,4Meribald,Podrick-Payne,Undirected,14,4Pyg,Shagwell,Undirected,8,4Pyg,Timeon,Undirected,7,4Pyg,Vargo-Hoat,Undirected,3,4Randyll-Tarly,Samwell-Tarly,Undirected,4,4Randyll-Tarly,Robert-Strong,Undirected,3,4Renly-Baratheon,Robert-Baratheon,Undirected,5,4Renly-Baratheon,Sansa-Stark,Undirected,3,4Renly-Baratheon,Stannis-Baratheon,Undirected,4,4Shagwell,Timeon,Undirected,6,4Shagwell,Zollo,Undirected,3,4Tyrion-Lannister,Tywin-Lannister,Undirected,27,4Tyrion-Lannister,Varys,Undirected,14,4Tyrion-Lannister,Yandry,Undirected,15,4Tyrion-Lannister,Ysilla,Undirected,11,4Tyrion-Lannister,Yezzan-zo-Qaggaz,Undirected,17,4Tyrion-Lannister,Tysha,Undirected,4,4Lollys-Stokeworth,Tanda-Stokeworth,Undirected,4,4Daven-Lannister,Jaime-Lannister,Undirected,12,4Daven-Lannister,Emmon-Frey,Undirected,3,4Edmure-Tully,Jaime-Lannister,Undirected,24,4Edmure-Tully,Tommen-Baratheon,Undirected,4,4Edmure-Tully,Emmon-Frey,Undirected,11,4Edmure-Tully,Ryman-Frey,Undirected,5,4Edmure-Tully,Ilyn-Payne,Undirected,4,4Edmure-Tully,Walder-Frey,Undirected,4,4Edmure-Tully,Forley-Prester,Undirected,3,4Edmure-Tully,Roslin-Frey,Undirected,4,4Edwyn-Frey,Jaime-Lannister,Undirected,9,4Edwyn-Frey,Ryman-Frey,Undirected,5,4Edwyn-Frey,Walder-Rivers,Undirected,8,4Emmon-Frey,Jaime-Lannister,Undirected,8,4Emmon-Frey,Tywin-Lannister,Undirected,3,4Emmon-Frey,Ryman-Frey,Undirected,4,4Emmon-Frey,Forley-Prester,Undirected,3,4Emmon-Frey,Genna-Lannister,Undirected,5,4Ryman-Frey,Walder-Rivers,Undirected,5,4Cedric-Payne,Podrick-Payne,Undirected,3,4Dorcas,Margaery-Tyrell,Undirected,3,4Dorcas,Osney-Kettleblack,Undirected,3,4Dorcas,Qyburn,Undirected,3,4Dorcas,Jocelyn-Swyft,Undirected,8,4Dorcas,Taena-of-Myr,Undirected,6,4Dunsen,Gregor-Clegane,Undirected,6,4Dunsen,Meryn-Trant,Undirected,7,4Dunsen,Ilyn-Payne,Undirected,7,4Dunsen,Rafford,Undirected,7,4Eddard-Stark,Jon-Snow,Undirected,14,4Eddard-Stark,Theon-Greyjoy,Undirected,9,4Eddard-Stark,Robert-Baratheon,Undirected,10,4Eddard-Stark,Jon-Arryn,Undirected,4,4Eddard-Stark,Sansa-Stark,Undirected,3,4Eddard-Stark,Stannis-Baratheon,Undirected,9,4Eddard-Stark,Robb-Stark,Undirected,6,4Eddard-Stark,Joffrey-Baratheon,Undirected,3,4Eddard-Stark,Tyrion-Lannister,Undirected,4,4Eddard-Stark,Pycelle,Undirected,3,4Eddard-Stark,Roose-Bolton,Undirected,5,4Eddard-Stark,Wyman-Manderly,Undirected,4,4Eddard-Stark,Ramsay-Snow,Undirected,4,4Eddard-Stark,Willam-Dustin,Undirected,4,4High-Septon-(Tyrions),Tyrion-Lannister,Undirected,5,4High-Sparrow,Margaery-Tyrell,Undirected,11,4High-Sparrow,Osney-Kettleblack,Undirected,4,4High-Sparrow,Tommen-Baratheon,Undirected,7,4High-Sparrow,Kevan-Lannister,Undirected,5,4High-Sparrow,Maegor-I-Targaryen,Undirected,4,4High-Sparrow,Taena-of-Myr,Undirected,4,4High-Sparrow,Unella,Undirected,6,4Ilyn-Payne,Jaime-Lannister,Undirected,30,4Ilyn-Payne,Lyle-Crakehall,Undirected,6,4Ilyn-Payne,Meryn-Trant,Undirected,8,4Ilyn-Payne,Rafford,Undirected,7,4Jalabhar-Xho,Lambert-Turnberry,Undirected,3,4Jalabhar-Xho,Tallad,Undirected,3,4Jocelyn-Swyft,Qyburn,Undirected,3,4Jocelyn-Swyft,Osmund-Kettleblack,Undirected,3,4Jocelyn-Swyft,Taena-of-Myr,Undirected,4,4Kevan-Lannister,Tywin-Lannister,Undirected,8,4Kevan-Lannister,Lancel-Lannister,Undirected,10,4Kevan-Lannister,Stannis-Baratheon,Undirected,3,4Kevan-Lannister,Tommen-Baratheon,Undirected,17,4Kevan-Lannister,Randyll-Tarly,Undirected,6,4Kevan-Lannister,Tyrion-Lannister,Undirected,4,4Kevan-Lannister,Mace-Tyrell,Undirected,5,4Kevan-Lannister,Pycelle,Undirected,5,4Kevan-Lannister,Varys,Undirected,3,4Kevan-Lannister,Ronnet-Connington,Undirected,3,4Mace-Tyrell,Tywin-Lannister,Undirected,4,4Mace-Tyrell,Margaery-Tyrell,Undirected,6,4Mace-Tyrell,Stannis-Baratheon,Undirected,4,4Mace-Tyrell,Tommen-Baratheon,Undirected,10,4Mace-Tyrell,Randyll-Tarly,Undirected,5,4Mace-Tyrell,Tyrion-Lannister,Undirected,3,4Mace-Tyrell,Olenna-Redwyne,Undirected,4,4Mace-Tyrell,Pycelle,Undirected,4,4Mace-Tyrell,Mathis-Rowan,Undirected,3,4Mace-Tyrell,Robert-Strong,Undirected,3,4Maegor-I-Targaryen,Tommen-Baratheon,Undirected,5,4Maggy,Melara-Hetherspoon,Undirected,3,4Moon-Boy,Osmund-Kettleblack,Undirected,12,4Osfryd-Kettleblack,Osney-Kettleblack,Undirected,6,4Osfryd-Kettleblack,Osmund-Kettleblack,Undirected,4,4Pycelle,Tywin-Lannister,Undirected,4,4Pycelle,Stannis-Baratheon,Undirected,6,4Pycelle,Qyburn,Undirected,10,4Pycelle,Varys,Undirected,4,4Pycelle,Walder-Frey,Undirected,3,4Raynard,Torbert,Undirected,4,4Taena-of-Myr,Tommen-Baratheon,Undirected,8,4Taena-of-Myr,Tyrion-Lannister,Undirected,3,4Clement-Piper,Jaime-Lannister,Undirected,3,4Cleos-Frey,Jaime-Lannister,Undirected,4,4Colemon,Petyr-Baelish,Undirected,6,4Colemon,Gretchel,Undirected,5,4Colemon,Maddy,Undirected,5,4Colemon,Robert-Arryn,Undirected,7,4Gretchel,Sansa-Stark,Undirected,3,4Gretchel,Maddy,Undirected,9,4Gretchel,Robert-Arryn,Undirected,4,4Maddy,Sansa-Stark,Undirected,3,4Maddy,Robert-Arryn,Undirected,7,4Maddy,Mya-Stone,Undirected,4,4Robert-Arryn,Yohn-Royce,Undirected,4,4Robert-Arryn,Sansa-Stark,Undirected,8,4Robert-Arryn,Terrance-Lynderly,Undirected,4,4Craster,Gilly,Undirected,8,4Craster,Jon-Snow,Undirected,3,4Craster,Samwell-Tarly,Undirected,6,4Craster,Jeor-Mormont,Undirected,3,4Jeor-Mormont,Jon-Snow,Undirected,11,4Jeor-Mormont,Samwell-Tarly,Undirected,3,4Jeor-Mormont,Qhorin-Halfhand,Undirected,3,4Daemon-Sand,Doran-Martell,Undirected,3,4Daemon-Sand,Oberyn-Martell,Undirected,3,4Dalla,Gilly,Undirected,10,4Dalla,Stannis-Baratheon,Undirected,5,4Dalla,Melisandre,Undirected,3,4Dalla,Mance-Rayder,Undirected,5,4Dalla,Val,Undirected,5,4Nymeria-Sand,Tyene-Sand,Undirected,13,4Nymeria-Sand,Obara-Sand,Undirected,17,4Eddison-Tollett,Gilly,Undirected,3,4Eddison-Tollett,Jon-Snow,Undirected,30,4Eddison-Tollett,Samwell-Tarly,Undirected,4,4Eddison-Tollett,Satin,Undirected,3,4Eddison-Tollett,Mully,Undirected,3,4Eddison-Tollett,Emmett,Undirected,8,4Eddison-Tollett,Hobb,Undirected,4,4Eddison-Tollett,Janos-Slynt,Undirected,4,4Roslin-Frey,Walder-Frey,Undirected,3,4Elia-Martell,Rhaegar-Targaryen,Undirected,6,4Elia-Martell,Tywin-Lannister,Undirected,3,4Genna-Lannister,Jaime-Lannister,Undirected,7,4Genna-Lannister,Tywin-Lannister,Undirected,3,4Hotho-Harlaw,Victarion-Greyjoy,Undirected,4,4Hotho-Harlaw,Rodrik-Harlaw,Undirected,4,4Hotho-Harlaw,Sigfryd-Harlaw,Undirected,4,4Humfrey-Hewett,Victarion-Greyjoy,Undirected,4,4Nute,Victarion-Greyjoy,Undirected,11,4Nute,Rodrik-Harlaw,Undirected,6,4Nute,Ralf-Stonehouse,Undirected,3,4Quellon-Greyjoy,Victarion-Greyjoy,Undirected,4,4Garrett-Paege,Jaime-Lannister,Undirected,3,4Gerold-Grafton,Terrance-Lynderly,Undirected,3,4Kojja-Mo,Samwell-Tarly,Undirected,8,4Melisandre,Stannis-Baratheon,Undirected,35,4Melisandre,Sigorn,Undirected,3,4Melisandre,Selyse-Florent,Undirected,11,4Melisandre,Rattleshirt,Undirected,6,4Melisandre,Ygritte,Undirected,3,4Gormon-Tyrell,Walgrave,Undirected,3,4Grenn,Jon-Snow,Undirected,3,4Grenn,Pypar,Undirected,8,4Grenn,Todder,Undirected,3,4Pypar,Samwell-Tarly,Undirected,3,4Pypar,Todder,Undirected,4,4Gyles-Grafton,Robert-Arryn,Undirected,3,4Gyles-Grafton,Terrance-Lynderly,Undirected,5,4Harras-Harlaw,Victarion-Greyjoy,Undirected,3,4Hugo-Vance,Jaime-Lannister,Undirected,3,4Jaehaerys-I-Targaryen,Maegor-I-Targaryen,Undirected,3,4Josmyn-Peckledon,Pia,Undirected,6,4Pia,Qyburn,Undirected,3,4Pia,Tyrion-Lannister,Undirected,3,4Rennifer-Longwaters,Rugen,Undirected,3,4Sybell-Spicer,Wyman-Manderly,Undirected,3,4Jeyne-Farman,Melara-Hetherspoon,Undirected,4,4Jeyne-Westerling,Robb-Stark,Undirected,3,4Lothor-Brune,Petyr-Baelish,Undirected,3,4Lothor-Brune,Sansa-Stark,Undirected,3,4Lothor-Brune,Robert-Arryn,Undirected,4,4Lothor-Brune,Mya-Stone,Undirected,6,4Mya-Stone,Robert-Arryn,Undirected,9,4Mya-Stone,Myranda-Royce,Undirected,6,4Lucas-Codd,Red-Oarsman,Undirected,3,4Lucas-Codd,Torwold-Browntooth,Undirected,3,4Luwin,Nan,Undirected,3,4Lyn-Corbray,Petyr-Baelish,Undirected,4,4Lyn-Corbray,Robert-Arryn,Undirected,6,4Lyn-Corbray,Lyonel-Corbray,Undirected,4,4Lyonel-Corbray,Petyr-Baelish,Undirected,3,4Marillion,Petyr-Baelish,Undirected,5,4Nestor-Royce,Petyr-Baelish,Undirected,17,4Nestor-Royce,Yohn-Royce,Undirected,3,4Nestor-Royce,Sansa-Stark,Undirected,13,4Nestor-Royce,Robert-Arryn,Undirected,7,4Manfrey-Martell,Ricasso,Undirected,4,4Myranda-Royce,Sansa-Stark,Undirected,3,4Myranda-Royce,Robert-Arryn,Undirected,4,4Ralf-Stonehouse,Victarion-Greyjoy,Undirected,3,4Pate-(whipping-boy),Tommen-Baratheon,Undirected,4,4Puckens,Pycelle,Undirected,3,4Puckens,Shortear,Undirected,3,4Qhorin-Halfhand,Samwell-Tarly,Undirected,3,4Quhuru-Mo,Samwell-Tarly,Undirected,4,4Quhuru-Mo,Xhondo,Undirected,4,4Ralf-(Limper),Victarion-Greyjoy,Undirected,7,4Roose-Bolton,Theon-Greyjoy,Undirected,14,4Roose-Bolton,Stannis-Baratheon,Undirected,18,4Roose-Bolton,Wyman-Manderly,Undirected,5,4Roose-Bolton,Walda-Frey-(daughter-of-Merrett),Undirected,4,4Sarella-Sand,Tyene-Sand,Undirected,3,4Shae,Tyrion-Lannister,Undirected,3,4Shae,Tysha,Undirected,4,4Talbert-Serry,Victarion-Greyjoy,Undirected,10,4Aegon-I-Targaryen,Daenerys-Targaryen,Undirected,4,4Daenerys-Targaryen,Rhaegar-Targaryen,Undirected,10,4Daenerys-Targaryen,Victarion-Greyjoy,Undirected,7,4Daenerys-Targaryen,Robert-Baratheon,Undirected,3,4Daenerys-Targaryen,Quentyn-Martell,Undirected,58,4Daenerys-Targaryen,Doran-Martell,Undirected,3,4Daenerys-Targaryen,Tyrion-Lannister,Undirected,17,4Daenerys-Targaryen,Mace-Tyrell,Undirected,3,4Daenerys-Targaryen,Varys,Undirected,3,4Daenerys-Targaryen,Jon-Connington,Undirected,6,4Daenerys-Targaryen,Viserys-Targaryen,Undirected,7,4Daenerys-Targaryen,Grey-Worm,Undirected,11,4Daenerys-Targaryen,Jhogo,Undirected,6,4Daenerys-Targaryen,Rakharo,Undirected,7,4Daenerys-Targaryen,Gerris-Drinkwater,Undirected,15,4Daenerys-Targaryen,Tattered-Prince,Undirected,4,4Daenerys-Targaryen,Galazza-Galare,Undirected,19,4Daenerys-Targaryen,Groleo,Undirected,4,4Daenerys-Targaryen,Hizdahr-zo-Loraq,Undirected,96,4Daenerys-Targaryen,Missandei,Undirected,37,4Daenerys-Targaryen,Reznak-mo-Reznak,Undirected,19,4Daenerys-Targaryen,Skahaz-mo-Kandaq,Undirected,33,4Daenerys-Targaryen,Xaro-Xhoan-Daxos,Undirected,16,4Daenerys-Targaryen,Irri,Undirected,25,4Daenerys-Targaryen,Spotted-Cat,Undirected,3,4Daenerys-Targaryen,Penny,Undirected,4,4Daenerys-Targaryen,Moqorro,Undirected,3,4Daenerys-Targaryen,Meris,Undirected,6,4Daenerys-Targaryen,Hero,Undirected,5,4Daenerys-Targaryen,Jhiqui,Undirected,15,4Daenerys-Targaryen,Daeron-II-Targaryen,Undirected,3,4Daenerys-Targaryen,Drogo,Undirected,7,4Daenerys-Targaryen,Eroeh,Undirected,3,4Daenerys-Targaryen,Ezzara,Undirected,3,4Daenerys-Targaryen,Ghael,Undirected,5,4Daenerys-Targaryen,Illyrio-Mopatis,Undirected,12,4Daenerys-Targaryen,Jorah-Mormont,Undirected,4,4Daenerys-Targaryen,Lysono-Maar,Undirected,3,4Daenerys-Targaryen,Marselen,Undirected,3,4Daenerys-Targaryen,Mezzara,Undirected,4,4Daenerys-Targaryen,Miklaz,Undirected,3,4Daenerys-Targaryen,Qavo-Nogarys,Undirected,5,4Daenerys-Targaryen,Qezza,Undirected,6,4Daenerys-Targaryen,Quaithe,Undirected,6,4Daenerys-Targaryen,Symon-Stripeback,Undirected,4,4Daenerys-Targaryen,Yurkhaz-zo-Yunzak,Undirected,4,4Franklyn-Flowers,Jon-Connington,Undirected,4,4Haldon,Tyrion-Lannister,Undirected,54,4Haldon,Jon-Connington,Undirected,13,4Haldon,Lemore,Undirected,4,4Haldon,Rolly-Duckfield,Undirected,26,4Haldon,Yandry,Undirected,4,4Haldon,Ysilla,Undirected,5,4Haldon,Illyrio-Mopatis,Undirected,3,4Haldon,Qavo-Nogarys,Undirected,5,4Haldon,Pono,Undirected,3,4Harry-Strickland,Jon-Connington,Undirected,18,4Harry-Strickland,Myles-Toyne,Undirected,4,4Jon-Connington,Rhaegar-Targaryen,Undirected,7,4Jon-Connington,Robert-Baratheon,Undirected,8,4Jon-Connington,Tywin-Lannister,Undirected,4,4Jon-Connington,Tyrion-Lannister,Undirected,37,4Jon-Connington,Varys,Undirected,6,4Jon-Connington,Lemore,Undirected,11,4Jon-Connington,Rolly-Duckfield,Undirected,12,4Jon-Connington,Yandry,Undirected,9,4Jon-Connington,Myles-Toyne,Undirected,9,4Jon-Connington,Nyessos-Vhassar,Undirected,3,4Lemore,Tyrion-Lannister,Undirected,16,4Lemore,Rolly-Duckfield,Undirected,5,4Lemore,Yandry,Undirected,5,4Lemore,Ysilla,Undirected,3,4Rolly-Duckfield,Tyrion-Lannister,Undirected,20,4Rolly-Duckfield,Yandry,Undirected,12,4Rolly-Duckfield,Ysilla,Undirected,9,4Yandry,Ysilla,Undirected,14,4Aenys-Frey,Theon-Greyjoy,Undirected,3,4Aenys-Frey,Hosteen-Frey,Undirected,6,4Aenys-Frey,Wyman-Manderly,Undirected,4,4Hosteen-Frey,Wyman-Manderly,Undirected,5,4Aggo,Barristan-Selmy,Undirected,3,4Aggo,Daenerys-Targaryen,Undirected,9,4Aggo,Daario-Naharis,Undirected,4,4Aggo,Grey-Worm,Undirected,5,4Aggo,Jhogo,Undirected,6,4Aggo,Rakharo,Undirected,9,4Daario-Naharis,Quentyn-Martell,Undirected,5,4Daario-Naharis,Daenerys-Targaryen,Undirected,50,4Daario-Naharis,Grey-Worm,Undirected,6,4Daario-Naharis,Jhogo,Undirected,9,4Daario-Naharis,Rakharo,Undirected,4,4Daario-Naharis,Groleo,Undirected,4,4Daario-Naharis,Hizdahr-zo-Loraq,Undirected,14,4Daario-Naharis,Missandei,Undirected,4,4Daario-Naharis,Skahaz-mo-Kandaq,Undirected,9,4Daario-Naharis,Irri,Undirected,7,4Daario-Naharis,Hero,Undirected,7,4Daario-Naharis,Jhiqui,Undirected,5,4Grey-Worm,Hizdahr-zo-Loraq,Undirected,3,4Grey-Worm,Skahaz-mo-Kandaq,Undirected,6,4Grey-Worm,Irri,Undirected,4,4Jhogo,Rakharo,Undirected,6,4Alliser-Thorne,Jon-Snow,Undirected,6,4Alys-Karstark,Jon-Snow,Undirected,13,4Alys-Karstark,Melisandre,Undirected,6,4Alys-Karstark,Sigorn,Undirected,5,4Sigorn,Stannis-Baratheon,Undirected,3,4Alysane-Mormont,Asha-Greyjoy,Undirected,18,4Alysane-Mormont,Stannis-Baratheon,Undirected,5,4Alysane-Mormont,Justin-Massey,Undirected,5,4Justin-Massey,Stannis-Baratheon,Undirected,10,4Justin-Massey,Richard-Horpe,Undirected,7,4Archibald-Yronwood,Quentyn-Martell,Undirected,21,4Archibald-Yronwood,Cletus-Yronwood,Undirected,5,4Archibald-Yronwood,Gerris-Drinkwater,Undirected,13,4Archibald-Yronwood,Tattered-Prince,Undirected,4,4Cletus-Yronwood,Quentyn-Martell,Undirected,7,4Cletus-Yronwood,Daenerys-Targaryen,Undirected,3,4Cletus-Yronwood,Gerris-Drinkwater,Undirected,5,4Cletus-Yronwood,Kedry,Undirected,3,4Gerris-Drinkwater,Quentyn-Martell,Undirected,49,4Gerris-Drinkwater,Tattered-Prince,Undirected,3,4Gerris-Drinkwater,Hizdahr-zo-Loraq,Undirected,4,4Gerris-Drinkwater,Meris,Undirected,4,4Arnolf-Karstark,Asha-Greyjoy,Undirected,3,4Arnolf-Karstark,Stannis-Baratheon,Undirected,7,4Arnolf-Karstark,Arthor-Karstark,Undirected,3,4Arnolf-Karstark,Mors-Umber,Undirected,4,4Arnolf-Karstark,Rickard-Karstark,Undirected,3,4Mors-Umber,Stannis-Baratheon,Undirected,7,4Arron,Emrick,Undirected,6,4Arron,Hareth-(Moles-Town),Undirected,4,4Arron,Satin,Undirected,4,4Emrick,Hareth-(Moles-Town),Undirected,3,4Emrick,Satin,Undirected,3,4Hareth-(Moles-Town),Jon-Snow,Undirected,10,4Hareth-(Moles-Town),Satin,Undirected,6,4Hareth-(Moles-Town),Hop-Robin,Undirected,5,4Hareth-(Moles-Town),Leathers,Undirected,3,4Hareth-(Moles-Town),Rory,Undirected,4,4Satin,Selyse-Florent,Undirected,4,4Jeyne-Poole,Theon-Greyjoy,Undirected,24,4Jeyne-Poole,Roose-Bolton,Undirected,3,4Jeyne-Poole,Ramsay-Snow,Undirected,12,4Jeyne-Poole,Rowan,Undirected,3,4Jeyne-Poole,Squirrel,Undirected,3,4Mance-Rayder,Theon-Greyjoy,Undirected,9,4Mance-Rayder,Stannis-Baratheon,Undirected,16,4Mance-Rayder,Melisandre,Undirected,6,4Mance-Rayder,Ramsay-Snow,Undirected,7,4Mance-Rayder,Tormund,Undirected,12,4Mance-Rayder,Varamyr,Undirected,3,4Mance-Rayder,Val,Undirected,6,4Mance-Rayder,Rowan,Undirected,4,4Mance-Rayder,Squirrel,Undirected,5,4Ramsay-Snow,Theon-Greyjoy,Undirected,87,4Ramsay-Snow,Stannis-Baratheon,Undirected,8,4Ramsay-Snow,Roose-Bolton,Undirected,14,4Ramsay-Snow,Wyman-Manderly,Undirected,5,4Ramsay-Snow,Skinner,Undirected,5,4Ramsay-Snow,Sour-Alyn,Undirected,6,4Ramsay-Snow,Walder-Frey-(son-of-Merrett),Undirected,3,4Ramsay-Snow,Yellow-Dick,Undirected,7,4Clayton-Suggs,Stannis-Baratheon,Undirected,6,4Clayton-Suggs,Godry-Farring,Undirected,5,4Godry-Farring,Jon-Snow,Undirected,3,4Godry-Farring,Stannis-Baratheon,Undirected,9,4Godry-Farring,Melisandre,Undirected,3,4Godry-Farring,Justin-Massey,Undirected,3,4Godry-Farring,Mance-Rayder,Undirected,3,4Grimtongue,Hagen,Undirected,5,4Grimtongue,Lorren,Undirected,5,4Hagen,Tristifer-Botley,Undirected,3,4Hagen,Qarl-the-Maid,Undirected,3,4Hagen,Lorren,Undirected,3,4Qarl-the-Maid,Tristifer-Botley,Undirected,5,4Ashara-Dayne,Elia-Martell,Undirected,3,4Axell-Florent,Jon-Snow,Undirected,4,4Axell-Florent,Stannis-Baratheon,Undirected,3,4Axell-Florent,Melisandre,Undirected,5,4Axell-Florent,Selyse-Florent,Undirected,8,4Axell-Florent,Shireen-Baratheon,Undirected,3,4Selyse-Florent,Stannis-Baratheon,Undirected,14,4Selyse-Florent,Shireen-Baratheon,Undirected,8,4Selyse-Florent,Val,Undirected,15,4Selyse-Florent,Wun-Weg-Wun-Dar-Wun,Undirected,5,4Shireen-Baratheon,Stannis-Baratheon,Undirected,4,4Shireen-Baratheon,Val,Undirected,4,4Azor-Ahai,Stannis-Baratheon,Undirected,3,4Barbrey-Dustin,Theon-Greyjoy,Undirected,17,4Barbrey-Dustin,Stannis-Baratheon,Undirected,3,4Barbrey-Dustin,Roose-Bolton,Undirected,3,4Barbrey-Dustin,Jeyne-Poole,Undirected,5,4Barbrey-Dustin,Ramsay-Snow,Undirected,5,4Barbrey-Dustin,Roger-Ryswell,Undirected,4,4Roger-Ryswell,Theon-Greyjoy,Undirected,4,4Belwas,Quentyn-Martell,Undirected,3,4Belwas,Daenerys-Targaryen,Undirected,13,4Belwas,Hizdahr-zo-Loraq,Undirected,11,4Belwas,Skahaz-mo-Kandaq,Undirected,3,4Ben-Plumm,Tyrion-Lannister,Undirected,4,4Ben-Plumm,Daenerys-Targaryen,Undirected,14,4Ben-Plumm,Daario-Naharis,Undirected,9,4Ben-Plumm,Hizdahr-zo-Loraq,Undirected,3,4Ben-Plumm,Kasporio,Undirected,3,4Ben-Plumm,Penny,Undirected,3,4Ben-Plumm,Tybero-Istarion,Undirected,5,4Bloodbeard,Daenerys-Targaryen,Undirected,3,4Bloodbeard,Tattered-Prince,Undirected,3,4Bloodbeard,Hizdahr-zo-Loraq,Undirected,5,4Galazza-Galare,Grazhar,Undirected,4,4Galazza-Galare,Hizdahr-zo-Loraq,Undirected,12,4Galazza-Galare,Reznak-mo-Reznak,Undirected,5,4Galazza-Galare,Skahaz-mo-Kandaq,Undirected,12,4Grazhar,Qezza,Undirected,5,4Groleo,Jhogo,Undirected,5,4Groleo,Skahaz-mo-Kandaq,Undirected,3,4Groleo,Hero,Undirected,4,4Hizdahr-zo-Loraq,Quentyn-Martell,Undirected,15,4Hizdahr-zo-Loraq,Khrazz,Undirected,9,4Hizdahr-zo-Loraq,Missandei,Undirected,6,4Hizdahr-zo-Loraq,Reznak-mo-Reznak,Undirected,13,4Hizdahr-zo-Loraq,Skahaz-mo-Kandaq,Undirected,29,4Hizdahr-zo-Loraq,Steelskin,Undirected,3,4Hizdahr-zo-Loraq,Irri,Undirected,3,4Hizdahr-zo-Loraq,Spotted-Cat,Undirected,5,4Hizdahr-zo-Loraq,Jhiqui,Undirected,3,4Hizdahr-zo-Loraq,Qezza,Undirected,3,4Hizdahr-zo-Loraq,Marghaz-zo-Loraq,Undirected,5,4Khrazz,Steelskin,Undirected,3,4Khrazz,Spotted-Cat,Undirected,4,4Missandei,Quentyn-Martell,Undirected,3,4Missandei,Skahaz-mo-Kandaq,Undirected,6,4Reznak-mo-Reznak,Skahaz-mo-Kandaq,Undirected,5,4Barsena,Daenerys-Targaryen,Undirected,4,4Bartimus,Davos-Seaworth,Undirected,4,4Davos-Seaworth,Stannis-Baratheon,Undirected,21,4Davos-Seaworth,Robb-Stark,Undirected,3,4Davos-Seaworth,Eddard-Stark,Undirected,4,4Davos-Seaworth,Melisandre,Undirected,4,4Davos-Seaworth,Sybell-Spicer,Undirected,3,4Davos-Seaworth,Wyman-Manderly,Undirected,32,4Davos-Seaworth,Garth-(Wolfs-Den),Undirected,4,4Davos-Seaworth,Godric-Borrell,Undirected,9,4Davos-Seaworth,Leona-Woolfield,Undirected,3,4Davos-Seaworth,Marlon-Manderly,Undirected,5,4Davos-Seaworth,Robett-Glover,Undirected,4,4Davos-Seaworth,Salladhor-Saan,Undirected,11,4Belaquo,Hizdahr-zo-Loraq,Undirected,3,4Belaquo,Goghor-the-Giant,Undirected,7,4Belaquo,Irri,Undirected,3,4Belaquo,Spotted-Cat,Undirected,5,4Goghor-the-Giant,Hizdahr-zo-Loraq,Undirected,5,4Goghor-the-Giant,Khrazz,Undirected,4,4Goghor-the-Giant,Spotted-Cat,Undirected,6,4Irri,Rakharo,Undirected,5,4Irri,Missandei,Undirected,9,4Irri,Skahaz-mo-Kandaq,Undirected,5,4Irri,Jhiqui,Undirected,24,4Ben-Bones,Theon-Greyjoy,Undirected,4,4Ben-Bones,Ramsay-Snow,Undirected,5,4Kasporio,Tyrion-Lannister,Undirected,3,4Kasporio,Tybero-Istarion,Undirected,3,4Penny,Tyrion-Lannister,Undirected,59,4Penny,Yezzan-zo-Qaggaz,Undirected,9,4Penny,Sweets,Undirected,4,4Tybero-Istarion,Tyrion-Lannister,Undirected,8,4Benerro,Tyrion-Lannister,Undirected,7,4Benerro,Daenerys-Targaryen,Undirected,3,4Benerro,Haldon,Undirected,4,4Benerro,Moqorro,Undirected,4,4Moqorro,Victarion-Greyjoy,Undirected,21,4Moqorro,Tyrion-Lannister,Undirected,7,4Moqorro,Rodrik-Sparr,Undirected,4,4Benethon-Scales,Selyse-Florent,Undirected,4,4Benethon-Scales,Narbert-Grandison,Undirected,3,4Narbert-Grandison,Selyse-Florent,Undirected,8,4Narbert-Grandison,Patrek-of-Kings-Mountain,Undirected,3,4Benjen-Stark,Jon-Snow,Undirected,4,4Black-Balaq,Franklyn-Flowers,Undirected,3,4Bowen-Marsh,Jon-Snow,Undirected,45,4Bowen-Marsh,Stannis-Baratheon,Undirected,3,4Bowen-Marsh,Eddison-Tollett,Undirected,9,4Bowen-Marsh,Satin,Undirected,3,4Bowen-Marsh,Mance-Rayder,Undirected,5,4Bowen-Marsh,Cellador,Undirected,8,4Bowen-Marsh,Othell-Yarwyck,Undirected,19,4Bowen-Marsh,Tormund,Undirected,5,4Bowen-Marsh,Wick-Whittlestick,Undirected,5,4Cellador,Clydas,Undirected,3,4Cellador,Jon-Snow,Undirected,3,4Cellador,Othell-Yarwyck,Undirected,8,4Othell-Yarwyck,Weeper,Undirected,4,4Tormund,Val,Undirected,9,4Tormund,Weeper,Undirected,9,4Brynden-Rivers,Meera-Reed,Undirected,3,4Coldhands,Hodor,Undirected,4,4Coldhands,Meera-Reed,Undirected,3,4Hodor,Jojen-Reed,Undirected,11,4Hodor,Meera-Reed,Undirected,21,4Jojen-Reed,Meera-Reed,Undirected,21,4Leaf,Meera-Reed,Undirected,6,4Brandon-Norrey,Jon-Snow,Undirected,3,4Brandon-Norrey,Torghen-Flint,Undirected,3,4Brus-Buckler,Selyse-Florent,Undirected,5,4Brus-Buckler,Narbert-Grandison,Undirected,4,4Brus-Buckler,Malegorn,Undirected,6,4Malegorn,Selyse-Florent,Undirected,5,4Malegorn,Narbert-Grandison,Undirected,3,4Bump,Varamyr,Undirected,5,4Caggo,Quentyn-Martell,Undirected,7,4Caggo,Gerris-Drinkwater,Undirected,3,4Caggo,Tattered-Prince,Undirected,4,4Caggo,Lucifer-Long,Undirected,3,4Caggo,Meris,Undirected,7,4Meris,Quentyn-Martell,Undirected,14,4Meris,Tattered-Prince,Undirected,9,4Camarron,Spotted-Cat,Undirected,3,4Moelle,Unella,Undirected,12,4Moelle,Scolera,Undirected,10,4Scolera,Unella,Undirected,12,4Cleon,Quentyn-Martell,Undirected,3,4Cleon,Daenerys-Targaryen,Undirected,9,4Kedry,Quentyn-Martell,Undirected,3,4Corliss-Penny,Stannis-Baratheon,Undirected,3,4Cotter-Pyke,Jon-Snow,Undirected,11,4Cotter-Pyke,Selyse-Florent,Undirected,3,4Cotter-Pyke,Denys-Mallister,Undirected,4,4Denys-Mallister,Jon-Snow,Undirected,4,4Cromm,Grimtongue,Undirected,4,4Cromm,Hagen,Undirected,4,4Hero,Jhogo,Undirected,8,4Jhiqui,Rakharo,Undirected,5,4Jhiqui,Missandei,Undirected,10,4Jhiqui,Skahaz-mo-Kandaq,Undirected,3,4Drogo,Viserys-Targaryen,Undirected,4,4Illyrio-Mopatis,Tyrion-Lannister,Undirected,30,4Illyrio-Mopatis,Jon-Connington,Undirected,6,4Illyrio-Mopatis,Rolly-Duckfield,Undirected,6,4Jorah-Mormont,Tyrion-Lannister,Undirected,27,4Jorah-Mormont,Penny,Undirected,9,4Jorah-Mormont,Nurse,Undirected,4,4Marselen,Symon-Stripeback,Undirected,4,4Mezzara,Qezza,Undirected,3,4Miklaz,Qezza,Undirected,4,4Qavo-Nogarys,Tyrion-Lannister,Undirected,6,4Damon-Dance-for-Me,Theon-Greyjoy,Undirected,5,4Damon-Dance-for-Me,Ramsay-Snow,Undirected,7,4Damon-Dance-for-Me,Grunt,Undirected,3,4Damon-Dance-for-Me,Skinner,Undirected,7,4Damon-Dance-for-Me,Sour-Alyn,Undirected,4,4Grunt,Theon-Greyjoy,Undirected,3,4Grunt,Sour-Alyn,Undirected,7,4Skinner,Theon-Greyjoy,Undirected,4,4Skinner,Sour-Alyn,Undirected,6,4Sour-Alyn,Theon-Greyjoy,Undirected,8,4Sour-Alyn,Yellow-Dick,Undirected,3,4Garth-(Wolfs-Den),Sybell-Spicer,Undirected,3,4Leona-Woolfield,Wyman-Manderly,Undirected,4,4Marlon-Manderly,Stannis-Baratheon,Undirected,3,4Robett-Glover,Stannis-Baratheon,Undirected,4,4Salladhor-Saan,Stannis-Baratheon,Undirected,8,4Denzo-Dhan,Meris,Undirected,3,4Devan-Seaworth,Jon-Snow,Undirected,5,4Devan-Seaworth,Stannis-Baratheon,Undirected,14,4Devan-Seaworth,Melisandre,Undirected,4,4Dick-Straw,Tattered-Prince,Undirected,4,4Dick-Straw,Hugh-Hungerford,Undirected,3,4Donal-Noye,Jon-Snow,Undirected,7,4Donal-Noye,Qhorin-Halfhand,Undirected,3,4Draqaz,Miklaz,Undirected,3,4Dryn,Tormund,Undirected,3,4Emmett,Jon-Snow,Undirected,15,4Emmett,Hareth-(Moles-Town),Undirected,3,4Emmett,Janos-Slynt,Undirected,4,4Emmett,Hop-Robin,Undirected,4,4Hobb,Jon-Snow,Undirected,4,4Hobb,Melisandre,Undirected,3,4Hobb,Mully,Undirected,3,4Hobb,Owen,Undirected,5,4Janos-Slynt,Jon-Snow,Undirected,16,4Hop-Robin,Jon-Snow,Undirected,4,4Frenya,Theon-Greyjoy,Undirected,3,4Frenya,Holly,Undirected,6,4Holly,Theon-Greyjoy,Undirected,10,4Holly,Jeyne-Poole,Undirected,4,4Holly,Rowan,Undirected,3,4Fulk,Jon-Snow,Undirected,4,4Fulk,Mully,Undirected,5,4Garth-Greyfeather,Jon-Snow,Undirected,3,4Garth-Greyfeather,Hairy-Hal,Undirected,4,4Garth-Greyfeather,Jack-Bulwer,Undirected,4,4Hairy-Hal,Jon-Snow,Undirected,4,4Hairy-Hal,Jack-Bulwer,Undirected,3,4Jack-Bulwer,Jon-Snow,Undirected,3,4Gerrick-Kingsblood,Jon-Snow,Undirected,5,4Gerrick-Kingsblood,Raymun-Redbeard,Undirected,3,4Lorren,Sybelle-Glover,Undirected,3,4Haggon,Varamyr,Undirected,8,4Leathers,Tormund,Undirected,3,4Leathers,Toregg,Undirected,4,4Leathers,Wun-Weg-Wun-Dar-Wun,Undirected,9,4Harl,Lorren,Undirected,3,4Harwood-Stout,Theon-Greyjoy,Undirected,5,4Rowan,Theon-Greyjoy,Undirected,12,4Rowan,Squirrel,Undirected,5,4Hoster-Blackwood,Jaime-Lannister,Undirected,4,4Hother-Umber,Wyman-Manderly,Undirected,5,4Hother-Umber,Mors-Umber,Undirected,3,4Hother-Umber,Ramsay-Snow,Undirected,5,4Hother-Umber,Jon-Umber-(Greatjon),Undirected,3,4Jared-Frey,Rhaegar-Frey,Undirected,3,4Rhaegar-Frey,Wyman-Manderly,Undirected,3,4Squirrel,Theon-Greyjoy,Undirected,7,4Patrek-of-Kings-Mountain,Selyse-Florent,Undirected,7,4Patrek-of-Kings-Mountain,Wun-Weg-Wun-Dar-Wun,Undirected,3,4Toregg,Tormund,Undirected,8,4Nurse,Tyrion-Lannister,Undirected,8,4Nurse,Penny,Undirected,4,4Nurse,Yezzan-zo-Qaggaz,Undirected,12,4Joramun,Melisandre,Undirected,4,4Joramun,Mance-Rayder,Undirected,3,4Richard-Horpe,Stannis-Baratheon,Undirected,3,4Kerwin,Victarion-Greyjoy,Undirected,12,4Longwater-Pyke,Victarion-Greyjoy,Undirected,3,4Luton,Skinner,Undirected,3,4Lyanna-Mormont,Stannis-Baratheon,Undirected,3,4Lyanna-Stark,Rhaegar-Targaryen,Undirected,4,4Maege-Mormont,Robb-Stark,Undirected,4,4Malaquo-Maegyr,Nyessos-Vhassar,Undirected,7,4Marya-Seaworth,Stannis-Baratheon,Undirected,3,4Rodrik-Sparr,Victarion-Greyjoy,Undirected,7,4Morgo,Tyrion-Lannister,Undirected,4,4Old-Bill-Bone,Quentyn-Martell,Undirected,3,4Patchface,Selyse-Florent,Undirected,3,4Patchface,Shireen-Baratheon,Undirected,3,4Sweets,Tyrion-Lannister,Undirected,7,4Sweets,Yezzan-zo-Qaggaz,Undirected,6,4Rodrik-Cassel,Theon-Greyjoy,Undirected,3,4Roose-Ryswell,Stannis-Baratheon,Undirected,3,4Scar,Tyrion-Lannister,Undirected,8,4Scar,Yezzan-zo-Qaggaz,Undirected,4,4Shrouded-Lord,Tyrion-Lannister,Undirected,4,4Theomore,Wyman-Manderly,Undirected,3,4Walder-Frey-(son-of-Jammos),Walder-Frey-(son-of-Merrett),Undirected,10,4Thistle,Varamyr,Undirected,7,4