id,label,degree,weighted degree,betweenness,modularity class,pagerank,eigencentrality,label longAddam-Marbrand,Addam Marbrand,4,18,64.777775,5,0.001414823,0.122861279,Addam MarbrandBrynden-Tully,Brynden Tully,9,63,25.25457071,5,0.002948877,0.109225806,Brynden TullyCersei-Lannister,Cersei,66,930,29730.8424,5,0.019680033,1,Cersei LannisterJaime-Lannister,Jaime,67,611,17146.42257,5,0.022755351,0.797331919,Jaime LannisterLyle-Crakehall,Lyle Crakehall,5,27,2.698412698,5,0.001751545,0.079589542,Lyle CrakehallAegon-Targaryen-(son-of-Rhaegar),Aegon (son of Rhaegar),15,133,1412.033564,7,0.00485127,0.199036797,Aegon Targaryen (son of Rhaegar)Rhaegar-Targaryen,Rhaegar Targaryen,10,80,1513.881234,7,0.003351276,0.242086191,Rhaegar TargaryenAegon-V-Targaryen,Aegon V Targaryen,1,3,0,0,6.21E-04,0.008417018,Aegon V TargaryenAemon-Targaryen-(Maester-Aemon),Aemon Targaryen (Maester Aemon),8,133,2133.20583,0,0.003053068,0.119365903,Aemon Targaryen (Maester Aemon)Alleras,Alleras,8,48,2671.366922,3,0.003262074,0.032514241,AllerasClydas,Clydas,6,45,99.59266765,0,0.002184304,0.112623763,ClydasDareon,Dareon,5,47,661.5254191,0,0.002170322,0.044245733,DareonGilly,Gilly,10,139,259.976089,0,0.003520384,0.107809254,GillyJon-Snow,Jon,65,857,25607.95928,0,0.023543662,0.517079,Jon SnowSamwell-Tarly,Samwell,20,280,6658.492389,0,0.007431664,0.160112183,Samwell TarlyAeron-Greyjoy,Aeron,14,129,3007.828548,1,0.006582378,0.07074834,Aeron GreyjoyAsha-Greyjoy,Asha,23,188,10652.44503,1,0.009426038,0.182399004,Asha GreyjoyBaelor-Blacktyde,Baelor Blacktyde,4,15,0,1,0.001801464,0.028759285,Baelor BlacktydeBalon-Greyjoy,Balon Greyjoy,7,75,1638.745306,1,0.002789112,0.103792934,Balon GreyjoyDunstan-Drumm,Dunstan Drumm,3,10,2.426190476,1,0.001462652,0.01955624,Dunstan DrummEmmond,Emmond,1,4,0,1,6.96E-04,0.006410334,EmmondEuron-Greyjoy,Euron,12,154,1021.905046,1,0.005297857,0.054972935,Euron GreyjoyGormond-Goodbrother,Gormond Goodbrother,1,6,0,1,6.96E-04,0.006410334,Gormond GoodbrotherGorold-Goodbrother,Gorold Goodbrother,2,13,0,1,0.00108747,0.015899132,Gorold GoodbrotherGreydon-Goodbrother,Greydon Goodbrother,1,4,0,1,6.96E-04,0.006410334,Greydon GoodbrotherMeldred-Merlyn,Meldred Merlyn,2,10,0,1,0.00108747,0.015899132,Meldred MerlynMurenmure,Murenmure,2,14,0,1,0.001010351,0.025540771,MurenmureRus,Rus,1,5,0,1,6.96E-04,0.006410334,RusTheon-Greyjoy,Theon,35,319,10548.09853,2,0.012938802,0.262103638,Theon GreyjoyVictarion-Greyjoy,Victarion,23,208,8159.854663,1,0.010588985,0.1086329,Victarion GreyjoyAerys-II-Targaryen,Aerys II Targaryen,9,57,1744.951644,7,0.003468789,0.207262024,Aerys II TargaryenBarristan-Selmy,Barristan,26,274,3890.245514,9,0.007962686,0.270432705,Barristan SelmyDenys-Darklyn,Denys Darklyn,1,4,0,7,6.24E-04,0.012768514,Denys DarklynElbert-Arryn,Elbert Arryn,1,3,0,7,6.24E-04,0.012768514,Elbert ArrynOwen-Merryweather,Owen Merryweather,1,3,0,7,6.24E-04,0.012768514,Owen MerryweatherRobert-Baratheon,Robert,21,166,8093.65632,5,0.006092708,0.513060954,Robert BaratheonTywin-Lannister,Tywin,20,140,3602.385479,7,0.005815564,0.491362247,Tywin LannisterAlla-Tyrell,Alla Tyrell,4,28,15.80872926,5,0.001411691,0.047067524,Alla TyrellElinor-Tyrell,Elinor Tyrell,4,26,2.25,5,0.001452889,0.03936239,Elinor TyrellMargaery-Tyrell,Margaery,25,280,2087.669349,5,0.007067228,0.441388328,Margaery TyrellMegga-Tyrell,Megga Tyrell,3,29,0,5,0.001145425,0.032993722,Megga TyrellOsney-Kettleblack,Osney Kettleblack,11,78,421.3690044,5,0.003128152,0.24768303,Osney KettleblackArmen,Armen,6,23,5.333333333,3,0.002600072,0.01350658,ArmenLeo-Tyrell,Leo Tyrell,5,24,1169.296884,3,0.002152108,0.021343715,Leo TyrellMarwyn,Marwyn,3,12,127.919527,3,0.001327278,0.017513906,MarwynMollander,Mollander,4,20,1.25,3,0.001836253,0.009421921,MollanderPate-(novice),Pate (novice),7,47,2009.25,3,0.003698988,0.012523865,Pate (novice)Roone,Roone,4,20,0.25,3,0.001767527,0.009776566,RooneAlys-Arryn,Alys Arryn,2,7,504,8,0.001338126,0.009056363,Alys ArrynElys-Waynwood,Elys Waynwood,1,4,0,8,8.65E-04,0.001283502,Elys WaynwoodJon-Arryn,Jon Arryn,6,19,1202.135858,8,0.00216227,0.130776804,Jon ArrynAmerei-Frey,Amerei Frey,3,20,0.666666667,5,0.00115904,0.064845896,Amerei FreyLancel-Lannister,Lancel Lannister,6,81,63.1726119,5,0.001949438,0.162098882,Lancel LannisterAnders-Yronwood,Anders Yronwood,1,4,0,9,5.85E-04,0.011964734,Anders YronwoodQuentyn-Martell,Quentyn,19,246,2830.914423,9,0.006451269,0.160603168,Quentyn MartellAndrey-Dalt,Andrey Dalt,5,37,26.43836657,4,0.001687878,0.038670539,Andrey DaltArianne-Martell,Arianne,20,189,3794.644121,4,0.006956528,0.107816693,Arianne MartellGarin-(orphan),Garin (orphan),9,63,193.340603,4,0.002909702,0.0504352,Garin (orphan)Myrcella-Baratheon,Myrcella,15,123,4923.704961,4,0.004361872,0.276715683,Myrcella BaratheonSylva-Santagar,Sylva Santagar,5,33,26.43836657,4,0.001687878,0.038670539,Sylva SantagarTyene-Sand,Tyene Sand,9,57,533.8811674,4,0.003037792,0.049407825,Tyene SandAnya-Waynwood,Anya Waynwood,7,44,148.1030078,8,0.00234522,0.034032044,Anya WaynwoodBenedar-Belmore,Benedar Belmore,5,21,96.23778256,8,0.001734656,0.027413215,Benedar BelmoreGilwood-Hunter,Gilwood Hunter,5,22,19.44472265,8,0.001754338,0.017571672,Gilwood HunterHarrold-Hardyng,Harrold Hardyng,3,13,2.116666667,8,0.001147733,0.015810452,Harrold HardyngHorton-Redfort,Horton Redfort,4,21,0.583333333,8,0.001449595,0.013562269,Horton RedfortPetyr-Baelish,Littlefinger,20,155,4599.465303,8,0.006048467,0.265769599,Petyr BaelishSymond-Templeton,Symond Templeton,5,23,35.11627497,8,0.001706649,0.030675425,Symond TempletonYohn-Royce,Yohn Royce,8,37,697.0773144,8,0.002590781,0.068133034,Yohn RoyceAreo-Hotah,Areo Hotah,9,118,79.59023142,4,0.002759186,0.074115843,Areo HotahArys-Oakheart,Arys Oakheart,6,60,12.77494034,4,0.001900845,0.057561334,Arys OakheartCaleotte,Caleotte,4,27,13.43678598,4,0.001323653,0.043236722,CaleotteDoran-Martell,Doran,19,175,5168.969111,4,0.005554352,0.263883354,Doran MartellObara-Sand,Obara Sand,6,68,7.860822511,4,0.001963568,0.042578461,Obara SandOberyn-Martell,Oberyn Martell,6,25,65.74102948,4,0.001978746,0.05488364,Oberyn MartellCedra,Cedra,2,13,0,4,8.67E-04,0.013390352,CedraFranklyn-Fowler,Franklyn Fowler,1,3,0,4,5.92E-04,0.008887962,Franklyn FowlerGerold-Dayne,Gerold Dayne,5,34,8.592633184,4,0.001633775,0.046991424,Gerold DayneMellei,Mellei,2,8,0,4,0.001029705,0.010369474,MelleiMorra,Morra,2,8,0,4,0.001029705,0.010369474,MorraRicasso,Ricasso,2,7,504,4,0.001321412,0.009681268,RicassoTimoth,Timoth,1,3,0,4,5.92E-04,0.008887962,TimothArya-Stark,Arya,24,164,8653.012225,2,0.010412,0.208366732,Arya StarkBellegere-Otherys,Bellegere Otherys,1,3,0,2,6.65E-04,0.014987117,Bellegere OtherysBrea,Brea,3,15,0.5,2,0.001621098,0.01866383,BreaBrusco,Brusco,2,16,0,2,0.001124544,0.017016109,BruscoDenyo-Terys,Denyo Terys,2,11,0,2,0.001156921,0.016807817,Denyo TerysKindly-Man,Kindly Man,2,30,0,2,0.001156921,0.016807817,Kindly ManMeralyn,Meralyn,1,9,0,2,6.65E-04,0.014987117,MeralynNan,Nan,2,8,504,2,0.001435972,0.015795059,NanSandor-Clegane,Sandor Clegane,12,56,2097.644812,8,0.004000166,0.226562259,Sandor CleganeSansa-Stark,Sansa,26,157,10688.02288,8,0.007840778,0.468395777,Sansa StarkSyrio-Forel,Syrio Forel,1,4,0,2,6.65E-04,0.014987117,Syrio ForelTalea,Talea,2,8,0,2,0.001124544,0.017016109,TaleaTernesio-Terys,Ternesio Terys,2,8,0,2,0.001156921,0.016807817,Ternesio TerysUmma,Umma,1,6,0,2,6.65E-04,0.014987117,UmmaWaif,Waif,2,33,0,2,0.001156921,0.016807817,WaifYorko-Terys,Yorko Terys,1,6,0,2,6.65E-04,0.014987117,Yorko TerysRed-Oarsman,Red Oarsman,3,12,1006,1,0.001706964,0.019711958,Red OarsmanRodrik-Harlaw,Rodrik Harlaw,7,30,551.1391479,1,0.003089524,0.036313101,Rodrik HarlawTristifer-Botley,Tristifer Botley,3,24,0,1,0.001466721,0.018086071,Tristifer BotleyAurane-Waters,Aurane Waters,9,37,393.652086,5,0.002632772,0.226174954,Aurane WatersGyles-Rosby,Gyles Rosby,8,55,6.897893773,5,0.002246097,0.198524776,Gyles RosbyHarys-Swyft,Harys Swyft,8,39,29.56984485,5,0.002266999,0.224912099,Harys SwyftLoras-Tyrell,Loras Tyrell,8,91,69.70982185,5,0.002302909,0.263783343,Loras TyrellOrton-Merryweather,Orton Merryweather,10,43,273.8072262,5,0.00276977,0.265972565,Orton MerryweatherPaxter-Redwyne,Paxter Redwyne,2,7,16.88990167,0,8.61E-04,0.025491053,Paxter RedwyneStannis-Baratheon,Stannis,57,510,29946.60745,0,0.018836,0.749704619,Stannis BaratheonTommen-Baratheon,Tommen,25,334,3213.016841,5,0.006947208,0.566128361,Tommen BaratheonBaelor-I-Targaryen,Baelor I Targaryen,1,5,0,5,5.50E-04,0.060458583,Baelor I TargaryenBalman-Byrch,Balman Byrch,3,24,0,5,0.001215787,0.074113982,Balman ByrchBronn,Bronn,5,22,1035.669444,5,0.002060389,0.121309483,BronnFalyse-Stokeworth,Falyse Stokeworth,4,34,2.2,5,0.001485394,0.092420687,Falyse StokeworthBalon-Swann,Balon Swann,9,40,1024.942634,4,0.002651837,0.183306396,Balon SwannGregor-Clegane,Gregor Clegane,14,78,765.0067759,5,0.003952845,0.268346839,Gregor CleganeBeric-Dondarrion,Beric Dondarrion,5,23,13.5707242,5,0.001842313,0.087901441,Beric DondarrionCatelyn-Stark,Catelyn,12,65,715.2324998,5,0.003632225,0.251734536,Catelyn StarkMariya-Darry,Mariya Darry,2,11,0,5,8.98E-04,0.055319918,Mariya DarryThoros-of-Myr,Thoros of Myr,3,11,0,5,0.001181651,0.069572761,Thoros of MyrBiter,Biter,1,5,0,8,5.91E-04,0.024319673,BiterBrienne-of-Tarth,Brienne,29,264,7446.681962,8,0.010052637,0.385159067,Brienne of TarthBlue-Bard,Blue Bard,5,23,193.9667403,5,0.001664394,0.11490077,Blue BardLambert-Turnberry,Lambert Turnberry,3,9,0.333333333,5,0.001206315,0.018764463,Lambert TurnberryQyburn,Qyburn,15,93,628.5756445,5,0.004249183,0.322091372,QyburnTallad,Tallad,6,19,244.5137185,5,0.002058884,0.103799745,TalladBonifer-Hasty,Bonifer Hasty,1,4,0,5,5.85E-04,0.049395713,Bonifer HastyBoros-Blount,Boros Blount,6,28,14.66243042,5,0.001804037,0.186841674,Boros BlountMeryn-Trant,Meryn Trant,7,62,3.7,5,0.002069,0.135180369,Meryn TrantOsmund-Kettleblack,Osmund Kettleblack,15,136,201.1676755,5,0.004170576,0.341377116,Osmund KettleblackBran-Stark,Bran,13,180,3432.659942,6,0.004740824,0.161812442,Bran StarkRickon-Stark,Rickon Stark,3,24,0,6,0.001223633,0.047291178,Rickon StarkRobb-Stark,Robb,14,78,4373.907407,6,0.004990047,0.264340568,Robb StarkBrella,Brella,1,4,0,8,5.53E-04,0.02903519,BrellaClarence-Crabb,Clarence Crabb,1,4,0,8,5.91E-04,0.024319673,Clarence CrabbCreighton-Longbough,Creighton Longbough,3,27,9.380226367,8,0.001437043,0.030350495,Creighton LongboughDick-Crabb,Dick Crabb,5,39,586.9243549,8,0.002066975,0.090567848,Dick CrabbDontos-Hollard,Dontos Hollard,4,23,0,8,0.001337791,0.123429842,Dontos HollardElder-Brother,Elder Brother,3,11,0,8,0.001291949,0.030260272,Elder BrotherGendry,Gendry,2,9,0,8,0.001027963,0.026607633,GendryHyle-Hunt,Hyle Hunt,7,59,200.5280256,8,0.002352929,0.097330124,Hyle HuntIllifer,Illifer,2,23,0,8,9.98E-04,0.026904876,IlliferJeyne-Heddle,Jeyne Heddle,1,4,0,8,5.91E-04,0.024319673,Jeyne HeddleJoffrey-Baratheon,Joffrey,13,113,385.6082712,5,0.003639062,0.363557487,Joffrey BaratheonLysa-Arryn,Lysa Arryn,8,54,612.7590011,8,0.002636124,0.095046005,Lysa ArrynMeribald,Meribald,5,47,3,8,0.001969541,0.039583709,MeribaldNarbert,Narbert,3,14,0,8,0.001291949,0.030260272,NarbertPodrick-Payne,Podrick Payne,5,81,506,8,0.002121517,0.041319321,Podrick PaynePyg,Pyg,4,22,10.2135597,8,0.001689894,0.034465652,PygRandyll-Tarly,Randyll Tarly,7,34,755.6543906,8,0.00221884,0.112951304,Randyll TarlyRenly-Baratheon,Renly Baratheon,7,34,681.184347,8,0.002272254,0.202255711,Renly BaratheonShagwell,Shagwell,4,26,10.2135597,8,0.001689894,0.034465652,ShagwellTimeon,Timeon,4,22,19.91479975,8,0.001592618,0.044428579,TimeonTyrion-Lannister,Tyrion,52,612,19986.597,7,0.015444012,0.797194142,Tyrion LannisterWillow-Heddle,Willow Heddle,2,8,0,8,0.001027963,0.026607633,Willow HeddleLollys-Stokeworth,Lollys Stokeworth,2,8,504,5,0.001406909,0.008471701,Lollys StokeworthDaven-Lannister,Daven Lannister,3,18,0,5,0.001150249,0.064436965,Daven LannisterEdmure-Tully,Edmure Tully,9,74,422.8139235,5,0.002973966,0.126271716,Edmure TullyEdwyn-Frey,Edwyn Frey,4,25,0.333333333,5,0.001499593,0.066937756,Edwyn FreyEmmon-Frey,Emmon Frey,8,44,274.6959593,5,0.002697752,0.112021425,Emmon FreyRyman-Frey,Ryman Frey,6,35,3.416666667,5,0.002089708,0.081826427,Ryman FreyCedric-Payne,Cedric Payne,1,3,0,8,6.57E-04,0.003412465,Cedric PayneDorcas,Dorcas,6,41,1.701388889,5,0.001762617,0.147959946,DorcasDunsen,Dunsen,5,34,0,5,0.001562689,0.1053497,DunsenEddard-Stark,Ned,19,102,6395.244094,0,0.005832538,0.428967342,Eddard StarkGarlan-Tyrell,Garlan Tyrell,1,3,0,5,5.50E-04,0.060458583,Garlan TyrellGarth-Tyrell,Garth Tyrell,1,3,0,5,5.50E-04,0.060458583,Garth TyrellHigh-Septon-(Tyrions),High Septon (Tyrions),2,8,0,7,8.02E-04,0.109190724,High Septon (Tyrions)High-Sparrow,High Sparrow,8,76,16.04814532,5,0.00239837,0.187703839,High SparrowIlyn-Payne,Ilyn Payne,8,79,93.02778864,5,0.002436744,0.164981613,Ilyn PayneJalabhar-Xho,Jalabhar Xho,3,9,143.6482882,5,0.001183336,0.06915945,Jalabhar XhoJocelyn-Swyft,Jocelyn Swyft,5,31,0.542857143,5,0.001509961,0.12813734,Jocelyn SwyftKevan-Lannister,Kevan Lannister,13,97,540.7573685,5,0.00374952,0.368688921,Kevan LannisterMace-Tyrell,Mace Tyrell,16,85,2588.3289,5,0.004634102,0.436027051,Mace TyrellMaegor-I-Targaryen,Maegor I Targaryen,4,15,504,5,0.001577874,0.10608619,Maegor I TargaryenMaggy,Maggy,2,8,0,5,9.36E-04,0.067808176,MaggyMark-Mullendore,Mark Mullendore,1,3,0,5,5.50E-04,0.060458583,Mark MullendoreMelara-Hetherspoon,Melara Hetherspoon,4,15,522.820671,5,0.001816339,0.115414911,Melara HetherspoonMoon-Boy,Moon Boy,3,28,0,5,0.001062379,0.090712204,Moon BoyOlenna-Redwyne,Olenna Redwyne,4,16,0,5,0.00132503,0.161981088,Olenna RedwyneOsfryd-Kettleblack,Osfryd Kettleblack,3,18,0,5,0.00102793,0.095658922,Osfryd KettleblackPycelle,Pycelle,17,106,1683.640323,5,0.004880777,0.40287423,PycelleRafford,Rafford,6,38,15.36514776,5,0.00185433,0.152015828,RaffordRaynard,Raynard,2,7,504,5,0.001255344,0.061375188,RaynardSenelle,Senelle,2,12,0,5,7.90E-04,0.086833827,SenelleTaena-of-Myr,Taena of Myr,12,105,143.167954,5,0.003293303,0.321196205,Taena of MyrUnella,Unella,4,43,1,5,0.001489797,0.081198193,UnellaVarys,Varys,9,55,1240.693929,7,0.002655278,0.291390615,VarysWalder-Frey,Walder Frey,5,20,393.2149619,5,0.001734104,0.143789793,Walder FreyClement-Piper,Clement Piper,1,3,0,5,5.85E-04,0.049395713,Clement PiperCleos-Frey,Cleos Frey,1,4,0,5,5.85E-04,0.049395713,Cleos FreyColemon,Colemon,4,23,5.414285714,8,0.001458489,0.031345551,ColemonGretchel,Gretchel,4,21,34.66243998,8,0.00145789,0.042676915,GretchelMaddy,Maddy,5,28,134.9756386,8,0.001787907,0.044542157,MaddyRobert-Arryn,Robert Arryn,15,101,2018.025873,8,0.005139875,0.089352157,Robert ArrynCraster,Craster,4,20,0.458333333,0,0.001560829,0.060495089,CrasterJeor-Mormont,Jeor Mormont,4,20,0.333333333,0,0.001606568,0.057100162,Jeor MormontShadrich,Shadrich,2,7,31.73646354,8,9.92E-04,0.051980916,ShadrichDaemon-Sand,Daemon Sand,2,6,0,4,8.25E-04,0.021627869,Daemon SandDalla,Dalla,5,28,17.59456659,0,0.001749805,0.093347451,DallaLanna-(Happy-Port),Lanna (Happy Port),1,4,0,0,6.65E-04,0.00375168,Lanna (Happy Port)Eustace-Brune,Eustace Brune,1,3,0,8,6.48E-04,0.006132527,Eustace BruneNymeria-Sand,Nymeria Sand,4,40,6.601469364,4,0.001384777,0.029990288,Nymeria SandEddison-Tollett,Eddison Tollett,9,68,68.2961039,0,0.003163362,0.088416241,Eddison TollettForley-Prester,Forley Prester,2,6,0,5,8.64E-04,0.015906876,Forley PresterRoslin-Frey,Roslin Frey,2,7,0,5,8.72E-04,0.017335798,Roslin FreyWalder-Rivers,Walder Rivers,3,17,0,5,0.001199812,0.059919211,Walder RiversElia-Martell,Elia Martell,4,16,504.2857143,7,0.001654081,0.05820905,Elia MartellGenna-Lannister,Genna Lannister,3,15,0,5,0.001118907,0.086078287,Genna LannisterHotho-Harlaw,Hotho Harlaw,4,16,82.23714664,1,0.001894899,0.019624993,Hotho HarlawHumfrey-Hewett,Humfrey Hewett,2,7,0,1,0.001063099,0.014770957,Humfrey HewettNute,Nute,4,24,2.833333333,1,0.001902451,0.0200316,NuteQuellon-Greyjoy,Quellon Greyjoy,2,7,0,1,0.001063099,0.014770957,Quellon GreyjoySawane-Botley,Sawane Botley,1,3,0,1,6.72E-04,0.005282159,Sawane BotleyGarrett-Paege,Garrett Paege,1,3,0,5,5.85E-04,0.049395713,Garrett PaegeGerold-Grafton,Gerold Grafton,1,3,0,8,7.80E-04,0.001496374,Gerold GraftonTerrance-Lynderly,Terrance Lynderly,3,12,504,8,0.001705568,0.009335562,Terrance LynderlyKojja-Mo,Kojja Mo,2,15,0,0,9.12E-04,0.01991263,Kojja MoMelisandre,Melisandre,17,155,882.4640672,0,0.005860851,0.197045549,MelisandreGormon-Tyrell,Gormon Tyrell,1,3,0,3,9.60E-04,0.001013036,Gormon TyrellWalgrave,Walgrave,2,13,504,3,0.001561955,0.002921118,WalgraveGrenn,Grenn,3,14,224.1360397,0,0.001447398,0.041582087,GrennPypar,Pypar,4,20,287.0925317,0,0.001792452,0.052716512,PyparGyles-Grafton,Gyles Grafton,2,8,0,8,0.001070939,0.008666491,Gyles GraftonHarras-Harlaw,Harras Harlaw,1,3,0,1,6.88E-04,0.009488798,Harras HarlawSigfryd-Harlaw,Sigfryd Harlaw,2,7,0,1,0.001074317,0.005983902,Sigfryd HarlawHugo-Vance,Hugo Vance,1,3,0,5,5.85E-04,0.049395713,Hugo VanceJaehaerys-I-Targaryen,Jaehaerys I Targaryen,1,3,0,5,6.32E-04,0.006659515,Jaehaerys I TargaryenJosmyn-Peckledon,Josmyn Peckledon,2,23,0,5,8.95E-04,0.057051985,Josmyn PeckledonJoy-Hill,Joy Hill,1,3,0,5,5.85E-04,0.049395713,Joy HillKaryl-Vance,Karyl Vance,1,4,0,5,5.85E-04,0.049395713,Karyl VanceLewys-Piper,Lewys Piper,1,3,0,5,5.85E-04,0.049395713,Lewys PiperPia,Pia,4,22,45.87245684,5,0.001458759,0.121462522,PiaRennifer-Longwaters,Rennifer Longwaters,2,6,504,5,0.001310508,0.05029177,Rennifer LongwatersRonnet-Connington,Ronnet Connington,2,7,0,5,8.30E-04,0.07109381,Ronnet ConningtonShitmouth,Shitmouth,1,3,0,5,5.85E-04,0.049395713,ShitmouthSybell-Spicer,Sybell Spicer,4,13,419.7444015,0,0.001669541,0.071591456,Sybell SpicerVargo-Hoat,Vargo Hoat,2,9,31.1308221,5,9.44E-04,0.052323744,Vargo HoatWylis-Manderly,Wylis Manderly,2,6,0,5,8.32E-04,0.078549869,Wylis ManderlyZollo,Zollo,2,6,31.1308221,8,9.44E-04,0.052323744,ZolloJeyne-Farman,Jeyne Farman,1,4,0,5,6.82E-04,0.007349592,Jeyne FarmanJeyne-Westerling,Jeyne Westerling,1,3,0,6,5.99E-04,0.016976959,Jeyne WesterlingTanda-Stokeworth,Tanda Stokeworth,1,4,0,5,8.94E-04,0.001251451,Tanda StokeworthLothor-Brune,Lothor Brune,4,16,142.2633683,8,0.00142524,0.055398956,Lothor BruneMya-Stone,Mya Stone,4,25,1,8,0.001525478,0.01801194,Mya StoneLucas-Codd,Lucas Codd,2,6,504,1,0.001615812,0.002925141,Lucas CoddTorwold-Browntooth,Torwold Browntooth,1,3,0,1,9.83E-04,9.83E-04,Torwold BrowntoothLuwin,Luwin,1,3,0,2,9.07E-04,0.001762018,LuwinLyn-Corbray,Lyn Corbray,3,14,3.416666667,8,0.001227832,0.026188325,Lyn CorbrayLyonel-Corbray,Lyonel Corbray,2,7,0,8,9.01E-04,0.019543022,Lyonel CorbrayMarillion,Marillion,2,10,0,8,8.34E-04,0.023836772,MarillionNestor-Royce,Nestor Royce,5,52,0.25,8,0.001656429,0.065353293,Nestor RoyceMathis-Rowan,Mathis Rowan,1,3,0,5,5.43E-04,0.025751548,Mathis RowanManfrey-Martell,Manfrey Martell,1,4,0,4,8.58E-04,0.001437466,Manfrey MartellWillas-Tyrell,Willas Tyrell,1,3,0,5,5.37E-04,0.026375244,Willas TyrellMyranda-Royce,Myranda Royce,3,13,99.31319867,8,0.001168186,0.0382858,Myranda RoyceTrystane-Martell,Trystane Martell,2,13,39.93856497,4,8.32E-04,0.029336959,Trystane MartellRalf-Stonehouse,Ralf Stonehouse,2,6,0,1,0.001092097,0.011838265,Ralf StonehouseQuill,Quill,1,4,0,3,7.46E-04,0.002149957,QuillRosey,Rosey,1,9,0,3,7.46E-04,0.002149957,RoseyPate-(whipping-boy),Pate (whipping boy),1,4,0,5,5.33E-04,0.03328607,Pate (whipping boy)Puckens,Puckens,2,6,504,5,0.001240607,0.024642495,PuckensShortear,Shortear,1,3,0,5,8.24E-04,0.002084211,ShortearQhorin-Halfhand,Qhorin Halfhand,4,12,8.728571429,0,0.001669177,0.055771331,Qhorin HalfhandQuhuru-Mo,Quhuru Mo,2,8,0,0,0.001064879,0.013558762,Quhuru MoXhondo,Xhondo,2,22,0,0,0.001064879,0.013558762,XhondoRalf-(Limper),Ralf (Limper),1,7,0,1,6.88E-04,0.009488798,Ralf (Limper)Torbert,Torbert,1,4,0,5,8.30E-04,0.004145604,TorbertRugen,Rugen,1,3,0,5,8.53E-04,0.003625643,RugenRoose-Bolton,Roose Bolton,8,66,212.3735563,2,0.002773085,0.13085578,Roose BoltonTheobald,Theobald,1,7,0,0,6.12E-04,0.011921794,TheobaldTickler,Tickler,1,4,0,8,5.80E-04,0.014252843,TicklerSarella-Sand,Sarella Sand,1,3,0,4,5.83E-04,0.004487246,Sarella SandShae,Shae,2,7,0,7,9.55E-04,0.052385121,ShaeTalbert-Serry,Talbert Serry,1,10,0,1,6.88E-04,0.009488798,Talbert SerryAegon-I-Targaryen,Aegon I Targaryen,1,4,0,9,5.79E-04,0.036514549,Aegon I TargaryenDaenerys-Targaryen,Daenerys,58,721,25929.94179,9,0.019311193,0.542594587,Daenerys TargaryenFranklyn-Flowers,Franklyn Flowers,3,10,504,7,0.001446333,0.029113106,Franklyn FlowersHaldon,Haldon,11,135,517.8984127,7,0.003529382,0.127169145,HaldonHarry-Strickland,Harry Strickland,3,31,1.892857143,7,0.001237827,0.030051246,Harry StricklandJon-Connington,Jon Connington,16,169,2585.615465,7,0.005170995,0.237718695,Jon ConningtonLemore,Lemore,7,54,0.642857143,7,0.002158996,0.106816082,LemoreRhaenys-Targaryen-(daughter-of-Rhaegar),Rhaenys Targaryen (daughter of Rhaegar),1,4,0,7,5.71E-04,0.013080612,Rhaenys Targaryen (daughter of Rhaegar)Rolly-Duckfield,Rolly Duckfield,8,101,2.098412698,7,0.002440421,0.114020858,Rolly DuckfieldViserys-Targaryen,Viserys Targaryen,5,20,79.37617769,9,0.001719952,0.100783698,Viserys TargaryenYandry,Yandry,7,65,0.642857143,7,0.002158996,0.106816082,YandryYsilla,Ysilla,6,46,0,7,0.001880108,0.092518679,YsillaAenys-Frey,Aenys Frey,3,13,33.49754918,0,0.001362267,0.031758712,Aenys FreyHosteen-Frey,Hosteen Frey,2,11,0,0,0.001006318,0.013847905,Hosteen FreyWyman-Manderly,Wyman,14,98,2514.938034,0,0.005334616,0.159957966,Wyman ManderlyAggo,Aggo,6,36,2.224206349,9,0.001859017,0.085896005,AggoDaario-Naharis,Daario Naharis,15,155,71.02493895,9,0.004248253,0.158965505,Daario NaharisGrey-Worm,Grey Worm,7,41,2.424242424,9,0.00209649,0.10323919,Grey WormJhogo,Jhogo,7,43,4.771825397,9,0.002157448,0.089114378,JhogoRakharo,Rakharo,6,36,1.503968254,9,0.00184939,0.074928388,RakharoAlliser-Thorne,Alliser Thorne,1,6,0,0,6.04E-04,0.036114197,Alliser ThorneAlys-Karstark,Alys Karstark,3,24,0,0,0.001221295,0.056605505,Alys KarstarkSigorn,Sigorn,4,17,32.21028737,0,0.001524308,0.101158607,SigornAlysane-Mormont,Alysane Mormont,3,28,0,1,0.001261661,0.066129895,Alysane MormontJustin-Massey,Justin Massey,5,40,16.98809524,1,0.001976116,0.078187482,Justin MasseyArchibald-Yronwood,Archibald Yronwood,4,43,0.75,9,0.001512059,0.03006999,Archibald YronwoodCletus-Yronwood,Cletus Yronwood,5,23,235.115645,9,0.001859286,0.060688621,Cletus YronwoodGerris-Drinkwater,Gerris Drinkwater,9,100,357.6757311,9,0.003038379,0.101835357,Gerris DrinkwaterTattered-Prince,Tattered Prince,8,45,1267.919901,9,0.00304931,0.073632803,Tattered PrinceEllaria-Sand,Ellaria Sand,3,9,0,4,0.001101147,0.031871315,Ellaria SandArnolf-Karstark,Arnolf Karstark,5,20,1030.653694,0,0.002578142,0.066547373,Arnolf KarstarkArthor-Karstark,Arthor Karstark,1,3,0,0,7.35E-04,0.004899831,Arthor KarstarkMors-Umber,Mors Umber,3,14,172.6207012,0,0.001423569,0.054685212,Mors UmberRickard-Karstark,Rickard Karstark,1,3,0,0,7.35E-04,0.004899831,Rickard KarstarkArron,Arron,3,14,0,0,0.001301768,0.012342537,ArronEmrick,Emrick,3,12,0,0,0.001301768,0.012342537,EmrickHareth-(Moles-Town),Hareth (Moles Town),8,38,443.6422612,0,0.003064012,0.060977925,Hareth (Moles Town)Satin,Satin,7,38,569.3410721,0,0.002560593,0.071341826,SatinJeyne-Poole,Jeyne Poole,8,58,65.70151901,2,0.002878123,0.072322816,Jeyne PooleMance-Rayder,Mance Rayder,16,115,3287.444813,0,0.005618745,0.204328691,Mance RayderRamsay-Snow,Ramsay,16,185,1865.294913,2,0.00559509,0.176359616,Ramsay SnowClayton-Suggs,Clayton Suggs,3,15,0,0,0.00123048,0.069760191,Clayton SuggsGalbart-Glover,Galbart Glover,1,8,0,1,6.45E-04,0.013446735,Galbart GloverGodry-Farring,Godry Farring,7,29,584.9482987,0,0.002509696,0.134857616,Godry FarringGrimtongue,Grimtongue,4,17,582.5,1,0.002014809,0.018646384,GrimtongueHagen,Hagen,6,21,589.5,1,0.002867866,0.022303289,HagenQarl-the-Maid,Qarl the Maid,3,16,0,1,0.001466721,0.018086071,Qarl the MaidRolfe-the-Dwarf,Rolfe the Dwarf,1,3,0,1,6.45E-04,0.013446735,Rolfe the DwarfSybelle-Glover,Sybelle Glover,2,6,332,1,0.001127828,0.014920837,Sybelle GloverTorgon-Greyiron,Torgon Greyiron,1,3,0,1,6.45E-04,0.013446735,Torgon GreyironTycho-Nestoris,Tycho Nestoris,3,22,420.0160877,0,0.001233597,0.096720574,Tycho NestorisAshara-Dayne,Ashara Dayne,1,3,0,7,6.48E-04,0.004100454,Ashara DayneAxell-Florent,Axell Florent,5,23,0.392857143,0,0.001776837,0.115770346,Axell FlorentSelyse-Florent,Selyse,15,138,1395.419154,0,0.005202377,0.156098711,Selyse FlorentShireen-Baratheon,Shireen Baratheon,6,26,239.465355,0,0.00214419,0.114525468,Shireen BaratheonAzor-Ahai,Azor Ahai,1,3,0,0,5.77E-04,0.047159642,Azor AhaiBarbrey-Dustin,Barbrey Dustin,6,37,147.4471786,2,0.002180095,0.095532442,Barbrey DustinRoger-Ryswell,Roger Ryswell,2,8,0,2,9.20E-04,0.025850616,Roger RyswellBelwas,Belwas,5,39,2.52987013,9,0.001630557,0.090071239,BelwasBen-Plumm,Ben Plumm,8,45,264.1975156,9,0.002521943,0.144944182,Ben PlummBloodbeard,Bloodbeard,4,14,8.480952381,9,0.001422044,0.074204824,BloodbeardGalazza-Galare,Galazza Galare,6,57,39.30304234,9,0.001949214,0.086824039,Galazza GalareGrazhar,Grazhar,3,12,2,9,0.001172466,0.029419637,GrazharGroleo,Groleo,6,28,2.380952381,9,0.001872676,0.08715495,GroleoHizdahr-zo-Loraq,Hizdahr,22,292,1249.746743,9,0.006685564,0.182382679,Hizdahr zo LoraqKhrazz,Khrazz,5,28,40.72039437,9,0.00177183,0.042216634,KhrazzLarraq,Larraq,1,3,0,9,5.57E-04,0.018469074,LarraqMissandei,Missandei,8,83,11.92330447,9,0.002375176,0.115726446,MissandeiReznak-mo-Reznak,Reznak mo Reznak,5,49,0,9,0.001618086,0.084442348,Reznak mo ReznakSkahaz-mo-Kandaq,Skahaz mo Kandaq,12,135,10.52626263,9,0.003443284,0.13499684,Skahaz mo KandaqSteelskin,Steelskin,3,9,0,9,0.00111626,0.035526998,SteelskinWidower,Widower,1,3,0,9,5.57E-04,0.018469074,WidowerXaro-Xhoan-Daxos,Xaro Xhoan Daxos,2,19,0,9,8.40E-04,0.054983623,Xaro Xhoan DaxosBarsena,Barsena,1,4,0,9,5.79E-04,0.036514549,BarsenaBartimus,Bartimus,1,4,0,0,6.36E-04,0.009540697,BartimusDavos-Seaworth,Davos,13,107,1722.849937,0,0.005191946,0.138254074,Davos SeaworthBelaquo,Belaquo,4,18,1.333333333,9,0.001445704,0.028219712,BelaquoGoghor-the-Giant,Goghor the Giant,4,22,0.333333333,9,0.001487561,0.024553425,Goghor the GiantIrri,Irri,9,85,138.8924727,9,0.002651927,0.101779626,IrriSpotted-Cat,Spotted Cat,6,26,849.8533866,9,0.002289974,0.059763171,Spotted CatBen-Bones,Ben Bones,2,9,0,2,9.08E-04,0.031458253,Ben BonesKasporio,Kasporio,3,9,0,7,0.001139765,0.062746415,KasporioPenny,Penny,7,92,89.2552743,7,0.002345924,0.115267832,PennyTybero-Istarion,Tybero Istarion,3,16,0,7,0.001139765,0.062746415,Tybero IstarionBenerro,Benerro,4,18,30.57235206,7,0.001438335,0.10094004,BenerroMoqorro,Moqorro,5,39,805.5555146,1,0.001963056,0.103276446,MoqorroBenethon-Scales,Benethon Scales,2,7,0,0,9.19E-04,0.015873923,Benethon ScalesNarbert-Grandison,Narbert Grandison,6,24,152.4373705,0,0.002312721,0.05970897,Narbert GrandisonBenjen-Stark,Benjen Stark,1,4,0,0,6.04E-04,0.036114197,Benjen StarkBlack-Balaq,Black Balaq,1,3,0,7,7.06E-04,0.002524191,Black BalaqBowen-Marsh,Bowen Marsh,9,102,333.7445171,0,0.003170695,0.128148528,Bowen MarshCellador,Cellador,4,22,0.833333333,0,0.001551702,0.057040832,CelladorOthell-Yarwyck,Othell Yarwyck,4,41,0.833333333,0,0.001592741,0.053189124,Othell YarwyckTormund,Tormund,8,99,534.3441501,0,0.003058711,0.082660599,TormundWick-Whittlestick,Wick Whittlestick,2,10,0,0,9.04E-04,0.045073702,Wick WhittlestickBrynden-Rivers,Brynden Rivers,2,17,0,6,9.68E-04,0.013581036,Brynden RiversColdhands,Coldhands,3,13,0,6,0.001334268,0.015620531,ColdhandsHodor,Hodor,4,86,0.333333333,6,0.001724008,0.017265861,HodorJojen-Reed,Jojen Reed,3,49,0,6,0.001334268,0.015620531,Jojen ReedLeaf,Leaf,2,11,0,6,9.68E-04,0.013581036,LeafMeera-Reed,Meera Reed,6,87,3.833333333,6,0.002551617,0.020130079,Meera ReedBrandon-Norrey,Brandon Norrey,2,6,504,0,0.001340607,0.036989603,Brandon NorreyTorghen-Flint,Torghen Flint,1,3,0,0,8.66E-04,0.003066145,Torghen FlintBrus-Buckler,Brus Buckler,3,15,0,0,0.001255149,0.020152747,Brus BucklerMalegorn,Malegorn,4,19,64.5421653,0,0.001582399,0.054076205,MalegornBump,Bump,1,5,0,10,9.23E-04,0.001967217,BumpVaramyr,Varamyr,4,23,1509,10,0.002948124,0.016618648,VaramyrCaggo,Caggo,5,24,504,9,0.002085135,0.031376848,CaggoLucifer-Long,Lucifer Long,1,3,0,9,6.51E-04,0.002986997,Lucifer LongMeris,Meris,6,43,672.7842075,9,0.002370928,0.065850417,MerisCamarron,Camarron,1,3,0,9,6.21E-04,0.004789867,CamarronMoelle,Moelle,3,26,0,5,0.001209008,0.070545365,MoelleRobert-Strong,Robert Strong,4,14,12.71388653,5,0.001306279,0.112958401,Robert StrongScolera,Scolera,3,27,0,5,0.001209008,0.070545365,ScoleraCleon,Cleon,2,12,0,9,8.68E-04,0.048479284,CleonKedry,Kedry,2,6,0,9,9.01E-04,0.016692694,KedryMully,Mully,5,29,2.333333333,0,0.001935799,0.058935993,MullyCorliss-Penny,Corliss Penny,1,3,0,0,5.77E-04,0.047159642,Corliss PennyCotter-Pyke,Cotter Pyke,3,18,1.416666667,0,0.001314231,0.050433161,Cotter PykeDenys-Mallister,Denys Mallister,2,8,0,0,9.77E-04,0.040061274,Denys MallisterCromm,Cromm,2,8,0,1,0.001130923,0.004789486,CrommHero,Hero,4,24,0,9,0.001347435,0.060744636,HeroJhiqui,Jhiqui,7,65,1.402777778,9,0.00208717,0.092401348,JhiquiDaeron-II-Targaryen,Daeron II Targaryen,1,3,0,9,5.79E-04,0.036514549,Daeron II TargaryenDrogo,Drogo,2,11,0,9,8.72E-04,0.043266776,DrogoEroeh,Eroeh,1,3,0,9,5.79E-04,0.036514549,EroehEzzara,Ezzara,1,3,0,9,5.79E-04,0.036514549,EzzaraGhael,Ghael,1,5,0,9,5.79E-04,0.036514549,GhaelIllyrio-Mopatis,Illyrio Mopatis,5,57,40.05859369,7,0.001638601,0.116752822,Illyrio MopatisJorah-Mormont,Jorah Mormont,4,44,22.23013,7,0.001424389,0.097703979,Jorah MormontLysono-Maar,Lysono Maar,1,3,0,9,5.79E-04,0.036514549,Lysono MaarMarselen,Marselen,2,7,0,9,0.001007725,0.039658995,MarselenMezzara,Mezzara,2,7,0,9,9.19E-04,0.041129269,MezzaraMiklaz,Miklaz,3,10,504,9,0.001542468,0.042025433,MiklazQavo-Nogarys,Qavo Nogarys,3,16,23.1601663,7,0.00110461,0.093897593,Qavo NogarysQezza,Qezza,5,21,48.61213324,9,0.001997547,0.059194914,QezzaQuaithe,Quaithe,1,6,0,9,5.79E-04,0.036514549,QuaitheSymon-Stripeback,Symon Stripeback,2,8,0,9,0.001007725,0.039658995,Symon StripebackYurkhaz-zo-Yunzak,Yurkhaz zo Yunzak,1,4,0,9,5.79E-04,0.036514549,Yurkhaz zo YunzakVal,Val,8,94,439.2156118,0,0.002651337,0.159536972,ValDamon-Dance-for-Me,Damon Dance for Me,5,26,1.5,2,0.001957469,0.041415616,Damon Dance for MeGrunt,Grunt,3,13,0,2,0.001271103,0.026628385,GruntSkinner,Skinner,5,25,504,2,0.00212782,0.039875575,SkinnerSour-Alyn,Sour Alyn,6,34,3,2,0.002312694,0.044212998,Sour AlynGarth-(Wolfs-Den),Garth (Wolfs Den),2,7,0,0,9.91E-04,0.014596446,Garth (Wolfs Den)Godric-Borrell,Godric Borrell,1,9,0,0,6.36E-04,0.009540697,Godric BorrellLeona-Woolfield,Leona Woolfield,2,7,0,0,9.60E-04,0.020564049,Leona WoolfieldMarlon-Manderly,Marlon Manderly,2,8,0,0,9.17E-04,0.056700339,Marlon ManderlyRobett-Glover,Robett Glover,2,8,0,0,9.17E-04,0.056700339,Robett GloverSalladhor-Saan,Salladhor Saan,2,19,0,0,9.17E-04,0.056700339,Salladhor SaanDenzo-Dhan,Denzo Dhan,1,3,0,9,6.32E-04,0.005144231,Denzo DhanDevan-Seaworth,Devan Seaworth,3,23,0,0,0.00117827,0.096884372,Devan SeaworthDick-Straw,Dick Straw,2,7,504,9,0.001365797,0.006565617,Dick StrawHugh-Hungerford,Hugh Hungerford,1,3,0,9,8.77E-04,0.001198828,Hugh HungerfordDonal-Noye,Donal Noye,2,10,0,0,9.59E-04,0.040500764,Donal NoyeDraqaz,Draqaz,1,3,0,9,7.33E-04,0.003391601,DraqazDryn,Dryn,1,3,0,0,6.21E-04,0.00624956,DrynWillam-Dustin,Willam Dustin,2,7,0,0,8.04E-04,0.05692439,Willam DustinEmmett,Emmett,5,34,2.333333333,0,0.001934342,0.055459848,EmmettHobb,Hobb,5,19,5.957255245,0,0.001920858,0.064437605,HobbJanos-Slynt,Janos Slynt,3,24,0,0,0.001231935,0.047366458,Janos SlyntHop-Robin,Hop Robin,3,13,0,0,0.001258724,0.04565089,Hop RobinFrenya,Frenya,2,9,0,2,9.61E-04,0.022022979,FrenyaHolly,Holly,4,23,1,2,0.001646264,0.030841287,HollyFulk,Fulk,2,9,0,0,9.33E-04,0.04073274,FulkGarth-Greyfeather,Garth Greyfeather,3,11,0,0,0.001394618,0.043144346,Garth GreyfeatherHairy-Hal,Hairy Hal,3,11,0,0,0.001394618,0.043144346,Hairy HalJack-Bulwer,Jack Bulwer,3,10,0,0,0.001394618,0.043144346,Jack BulwerGerrick-Kingsblood,Gerrick Kingsblood,2,8,504,0,0.001340607,0.036989603,Gerrick KingsbloodRaymun-Redbeard,Raymun Redbeard,1,3,0,0,8.66E-04,0.003066145,Raymun RedbeardTodder,Todder,2,7,0,0,0.001087445,0.007658629,TodderLorren,Lorren,4,14,505.5,1,0.002272834,0.007336374,LorrenHaggon,Haggon,1,8,0,10,9.23E-04,0.001967217,HaggonPono,Pono,1,3,0,7,5.69E-04,0.008650903,PonoLeathers,Leathers,5,37,5.666666667,0,0.001943455,0.055567811,LeathersRory,Rory,2,10,0,0,9.30E-04,0.041191539,RoryHarl,Harl,1,3,0,1,7.79E-04,0.001474102,HarlMyles-Toyne,Myles Toyne,2,13,0,7,9.22E-04,0.017759734,Myles ToyneHarwood-Stout,Harwood Stout,1,5,0,2,6.11E-04,0.019130437,Harwood StoutMarghaz-zo-Loraq,Marghaz zo Loraq,1,5,0,9,5.55E-04,0.013434708,Marghaz zo LoraqOwen,Owen,2,8,0,0,9.31E-04,0.041075237,OwenRowan,Rowan,5,27,15.28654483,2,0.001891315,0.045433161,RowanHoster-Blackwood,Hoster Blackwood,1,4,0,5,5.85E-04,0.049395713,Hoster BlackwoodHother-Umber,Hother Umber,4,16,512.1761905,0,0.001919669,0.028193182,Hother UmberJon-Umber-(Greatjon),Jon Umber (Greatjon),1,3,0,0,7.04E-04,0.002625739,Jon Umber (Greatjon)Jonos-Bracken,Jonos Bracken,1,9,0,5,5.85E-04,0.049395713,Jonos BrackenTytos-Blackwood,Tytos Blackwood,1,6,0,5,5.85E-04,0.049395713,Tytos BlackwoodJared-Frey,Jared Frey,1,3,0,0,8.77E-04,0.001487253,Jared FreyRhaegar-Frey,Rhaegar Frey,2,6,504,0,0.001365671,0.011816135,Rhaegar FreySquirrel,Squirrel,4,20,2.079761905,2,0.001536492,0.042796312,SquirrelNyessos-Vhassar,Nyessos Vhassar,2,10,504,7,0.001288626,0.015984803,Nyessos VhassarPatrek-of-Kings-Mountain,Patrek of Kings Mountain,4,20,0.333333333,0,0.001558421,0.056369476,Patrek of Kings MountainRattleshirt,Rattleshirt,2,29,0,0,8.97E-04,0.04972473,RattleshirtSoren-Shieldbreaker,Soren Shieldbreaker,1,3,0,0,6.04E-04,0.036114197,Soren ShieldbreakerTom-Barleycorn,Tom Barleycorn,1,4,0,0,6.04E-04,0.036114197,Tom BarleycornToregg,Toregg,3,18,0,0,0.001259717,0.046823369,ToreggUlmer,Ulmer,1,3,0,0,6.04E-04,0.036114197,UlmerWeeper,Weeper,3,16,0.666666667,0,0.001267788,0.046546613,WeeperWun-Weg-Wun-Dar-Wun,Wun Weg Wun Dar Wun,4,28,1.916666667,0,0.001560689,0.056059338,Wun Weg Wun Dar WunYgritte,Ygritte,2,17,0,0,8.97E-04,0.04972473,YgritteNurse,Nurse,4,28,0.333333333,7,0.001447752,0.067858122,NurseJoramun,Joramun,2,7,0,0,8.88E-04,0.027736214,JoramunRichard-Horpe,Richard Horpe,2,10,0,1,9.13E-04,0.05268316,Richard HorpeKerwin,Kerwin,1,12,0,1,6.88E-04,0.009488798,KerwinLongwater-Pyke,Longwater Pyke,1,3,0,1,6.88E-04,0.009488798,Longwater PykeLuton,Luton,1,3,0,2,6.58E-04,0.003526602,LutonLyanna-Mormont,Lyanna Mormont,1,3,0,0,5.77E-04,0.047159642,Lyanna MormontLyanna-Stark,Lyanna Stark,1,4,0,7,5.81E-04,0.015048769,Lyanna StarkMaege-Mormont,Maege Mormont,1,4,0,6,5.99E-04,0.016976959,Maege MormontMalaquo-Maegyr,Malaquo Maegyr,1,7,0,7,8.44E-04,0.0016874,Malaquo MaegyrMarya-Seaworth,Marya Seaworth,1,3,0,0,5.77E-04,0.047159642,Marya SeaworthRodrik-Sparr,Rodrik Sparr,2,11,0,1,0.001021526,0.016531245,Rodrik SparrMorgo,Morgo,1,4,0,7,5.49E-04,0.04873214,MorgoYezzan-zo-Qaggaz,Yezzan zo Qaggaz,5,48,1.833333333,7,0.001831403,0.069178863,Yezzan zo QaggazOld-Bill-Bone,Old Bill Bone,1,3,0,9,5.85E-04,0.011964734,Old Bill BonePatchface,Patchface,2,6,0,0,8.95E-04,0.018885974,PatchfaceSweets,Sweets,3,17,0,7,0.001145076,0.061346997,SweetsWalder-Frey-(son-of-Merrett),Walder Frey (son of Merrett),3,19,1.166666667,2,0.001327319,0.033623307,Walder Frey (son of Merrett)Yellow-Dick,Yellow Dick,3,15,0,2,0.001235575,0.035335541,Yellow DickRodrik-Cassel,Rodrik Cassel,2,6,0,6,9.14E-04,0.036107396,Rodrik CasselWalda-Frey-(daughter-of-Merrett),Walda Frey (daughter of Merrett),2,7,0,2,9.05E-04,0.027973976,Walda Frey (daughter of Merrett)Roose-Ryswell,Roose Ryswell,1,3,0,0,5.77E-04,0.047159642,Roose RyswellScar,Scar,2,12,0,7,8.60E-04,0.053592181,ScarTysha,Tysha,2,8,0,7,9.55E-04,0.052385121,TyshaShrouded-Lord,Shrouded Lord,1,4,0,7,5.49E-04,0.04873214,Shrouded LordTheomore,Theomore,2,6,0,0,9.01E-04,0.058182994,TheomoreWilliam-Foxglove,William Foxglove,1,3,0,0,5.77E-04,0.047159642,William FoxgloveWalder-Frey-(son-of-Jammos),Walder Frey (son of Jammos),2,16,0,2,9.87E-04,0.022069909,Walder Frey (son of Jammos)Wex-Pyke,Wex Pyke,1,3,0,2,6.11E-04,0.019130437,Wex PykeWillow-Witch-eye,Willow Witch eye,1,4,0,2,6.11E-04,0.019130437,Willow Witch eyeThistle,Thistle,1,7,0,10,9.23E-04,0.001967217,ThistleWulfe,Wulfe,1,3,0,1,6.88E-04,0.009488798,Wulfe